SID,T-06:00:00,NODE
1,0,25104
2,0,27761
3,0,15701
4,0,27078
5,0,33187
6,0,17883
7,0,23253
8,0,27572
9,0,35544
10,0,25447
11,0,27468
12,0,22913
13,0,22188
14,0,27537
15,0,22222
16,0,22981
17,0,30259
18,0,18802
19,0,25276
20,0,21122
21,0,12072
22,0,27011
23,0,18420
24,0,22749
25,0,26882
26,0,26618
27,0,17459
28,0,26612
29,0,29779
30,0,20638
31,0,24654
32,0,15603
33,0,25302
34,0,22287
35,0,26618
36,0,19534
37,0,23951
38,0,27572
39,0,26682
40,0,20605
41,0,27552
42,0,6256
43,0,25338
44,0,20349
45,0,30359
46,0,48541
47,0,24970
48,0,25178
49,0,20241
50,0,26618
51,0,27032
52,0,24142
53,0,17867
54,0,26701
55,0,21572
56,0,26956
57,0,26596
58,0,29313
59,0,30935
60,0,26912
61,0,20521
62,0,28610
63,0,22455
64,0,27816
65,0,20818
66,0,33662
67,0,19869
68,0,25548
69,0,25048
70,0,25302
71,0,14425
72,0,25754
73,0,22007
74,0,22121
75,0,31691
76,0,21848
77,0,19869
78,0,26871
79,0,10684
80,0,21729
81,0,27195
82,0,23198
83,0,26308
84,0,34369
85,0,11870
86,0,18918
87,0,24208
88,0,19480
89,0,10473
90,0,20571
91,0,32657
92,0,20393
93,0,15780
94,0,31844
95,0,18105
96,0,26776
97,0,25562
98,0,24612
99,0,19352
100,0,27174
101,0,20137
102,0,31844
103,0,19592
104,0,49173
105,0,27317
106,0,33188
107,0,20349
108,0,24446
109,0,24588
110,0,28963
111,0,17100
112,0,20046
113,0,31473
114,0,25190
115,0,19487
116,0,24358
117,0,28228
118,0,17860
119,0,28439
120,0,25307
121,0,24315
122,0,19582
123,0,48674
124,0,22255
125,0,13084
126,0,31688
127,0,26047
128,0,28439
129,0,25572
130,0,26800
131,0,50205
132,0,29652
133,0,48663
134,0,26804
135,0,22331
136,0,32969
137,0,22137
138,0,24891
139,0,28286
140,0,25565
141,0,26834
142,0,22911
143,0,24868
144,0,26618
145,0,30245
146,0,23607
147,0,30867
148,0,31381
149,0,24191
150,0,23375
151,0,20021
152,0,27768
153,0,25469
154,0,18089
155,0,24954
156,0,26596
157,0,22879
158,0,15855
159,0,34369
160,0,19273
161,0,24927
162,0,28680
163,0,27072
164,0,25338
165,0,48663
166,0,29408
167,0,18938
168,0,22193
169,0,24138
170,0,18700
171,0,27707
172,0,34243
173,0,23043
174,0,29095
175,0,25244
176,0,27328
177,0,29389
178,0,23658
179,0,31870
180,0,12791
181,0,19803
182,0,19498
183,0,12331
184,0,11137
185,0,22193
186,0,33209
187,0,19347
188,0,23582
189,0,25659
190,0,27158
191,0,30028
192,0,24028
193,0,29282
194,0,19239
195,0,25970
196,0,30056
197,0,21936
198,0,28024
199,0,25123
200,0,9483
201,0,19774
202,0,26000
203,0,31787
204,0,18942
205,0,21436
206,0,12405
207,0,22297
208,0,27707
209,0,17844
210,0,28001
211,0,20228
212,0,22563
213,0,24394
214,0,18457
215,0,48541
216,0,25094
217,0,50197
218,0,19252
219,0,23305
220,0,26808
221,0,30678
222,0,48933
223,0,27172
224,0,22353
225,0,30802
226,0,31688
227,0,31716
228,0,21101
229,0,24191
230,0,24282
231,0,18176
232,0,48600
233,0,12243
234,0,24255
235,0,26197
236,0,19314
237,0,48636
238,0,12994
239,0,23530
240,0,18918
241,0,25562
242,0,24218
243,0,27564
244,0,21337
245,0,22911
246,0,23915
247,0,29181
248,0,19252
249,0,24487
250,0,18341
251,0,25319
252,0,48682
253,0,30243
254,0,16088
255,0,9186
256,0,27222
257,0,22478
258,0,16057
259,0,25757
260,0,28520
261,0,31865
262,0,29903
263,0,20463
264,0,29269
265,0,23338
266,0,26630
267,0,24654
268,0,20581
269,0,23375
270,0,23182
271,0,23548
272,0,26498
273,0,22141
274,0,25263
275,0,27189
276,0,27011
277,0,15861
278,0,24119
279,0,23644
280,0,11546
281,0,20619
282,0,19498
283,0,22724
284,0,27707
285,0,29503
286,0,23894
287,0,29893
288,0,48674
289,0,29934
290,0,23644
291,0,23151
292,0,26956
293,0,22121
294,0,35206
295,0,18444
296,0,8868
297,0,23995
298,0,27552
299,0,34041
300,0,28854
301,0,22345
302,0,50192
303,0,48036
304,0,16222
305,0,48014
306,0,34214
307,0,26432
308,0,21808
309,0,50192
310,0,25984
311,0,20158
312,0,34193
313,0,21436
314,0,24220
315,0,48299
316,0,26981
317,0,22602
318,0,26047
319,0,19314
320,0,23738
321,0,31656
322,0,26682
323,0,22749
324,0,23221
325,0,18129
326,0,19923
327,0,15959
328,0,21173
329,0,48014
330,0,29645
331,0,29652
332,0,32185
333,0,48036
334,0,24612
335,0,27608
336,0,27199
337,0,31787
338,0,30564
339,0,27555
340,0,22345
341,0,24642
342,0,48036
343,0,24795
344,0,33209
345,0,27403
346,0,48636
347,0,27707
348,0,25548
349,0,11167
350,0,30705
351,0,24514
352,0,17538
353,0,33153
354,0,28467
355,0,31070
356,0,48568
357,0,29714
358,0,27002
359,0,32929
360,0,26636
361,0,28467
362,0,20447
363,0,32256
364,0,23318
365,0,31203
366,0,23074
367,0,33692
368,0,20626
369,0,20626
370,0,30028
371,0,16925
372,0,25864
373,0,26511
374,0,24130
375,0,23245
376,0,19925
377,0,21147
378,0,32332
379,0,30056
380,0,17248
381,0,25249
382,0,32929
383,0,19686
384,0,32105
385,0,21478
386,0,20434
387,0,25604
388,0,29942
389,0,23850
390,0,17914
391,0,25770
392,0,26311
393,0,9567
394,0,48663
395,0,29580
396,0,48374
397,0,24341
398,0,16543
399,0,20335
400,0,31688
401,0,28167
402,0,19695
403,0,29061
404,0,29676
405,0,26925
406,0,24191
407,0,20468
408,0,25120
409,0,29652
410,0,21908
411,0,30278
412,0,48374
413,0,50580
414,0,30311
415,0,23209
416,0,21908
417,0,23898
418,0,29240
419,0,31243
420,0,14660
421,0,23319
422,0,26429
423,0,30140
424,0,21908
425,0,19494
426,0,31200
427,0,28826
428,0,9972
429,0,25338
430,0,33118
431,0,48231
432,0,34419
433,0,33998
434,0,18059
435,0,25094
436,0,11137
437,0,28813
438,0,20812
439,0,22751
440,0,12042
441,0,31063
442,0,18523
443,0,27486
444,0,30894
445,0,31680
446,0,23111
447,0,22141
448,0,21490
449,0,34066
450,0,27914
451,0,26596
452,0,25094
453,0,23363
454,0,32657
455,0,48541
456,0,27816
457,0,22242
458,0,31838
459,0,27028
460,0,20468
461,0,28190
462,0,23898
463,0,22236
464,0,35544
465,0,25077
466,0,27530
467,0,20199
468,0,23221
469,0,19923
470,0,21860
471,0,20917
472,0,32701
473,0,25984
474,0,34419
475,0,25538
476,0,26650
477,0,33851
478,0,26775
479,0,32118
480,0,20859
481,0,20812
482,0,18176
483,0,24191
484,0,31577
485,0,22905
486,0,28367
487,0,48641
488,0,25548
489,0,30897
490,0,25372
491,0,15701
492,0,27472
493,0,29580
494,0,27129
495,0,20812
496,0,28809
497,0,25826
498,0,25319
499,0,19111
500,0,22826
501,0,23792
502,0,29002
503,0,22575
504,0,23182
505,0,16624
506,0,19963
507,0,28062
508,0,20463
509,0,24844
510,0,22343
511,0,26405
512,0,12659
513,0,24358
514,0,18942
515,0,23559
516,0,23198
517,0,27174
518,0,29735
519,0,23895
520,0,28144
521,0,12243
522,0,26068
523,0,24904
524,0,33485
525,0,34419
526,0,18999
527,0,19111
528,0,21860
529,0,27285
530,0,26429
531,0,22047
532,0,48374
533,0,30520
534,0,27914
535,0,28943
536,0,20337
537,0,27521
538,0,20337
539,0,18494
540,0,25282
541,0,18069
542,0,25372
543,0,24791
544,0,26866
545,0,29518
546,0,10195
547,0,22242
548,0,23519
549,0,16646
550,0,25104
551,0,31467
552,0,24468
553,0,22137
554,0,19332
555,0,30385
556,0,29871
557,0,26804
558,0,9180
559,0,11453
560,0,31844
561,0,27905
562,0,24210
563,0,31007
564,0,25652
565,0,25792
566,0,17776
567,0,31716
568,0,29252
569,0,24852
570,0,26871
571,0,33998
572,0,24642
573,0,26910
574,0,19183
575,0,25548
576,0,21147
577,0,22252
578,0,25792
579,0,25200
580,0,27181
581,0,35089
582,0,25612
583,0,33251
584,0,21107
585,0,27365
586,0,31075
587,0,10198
588,0,24327
589,0,27152
590,0,26822
591,0,28724
592,0,26912
593,0,22255
594,0,34980
595,0,27455
596,0,19217
597,0,24210
598,0,34609
599,0,19770
600,0,16597
601,0,21107
602,0,26078
603,0,20424
604,0,21170
605,0,19347
606,0,31701
607,0,25548
608,0,33662
609,0,29714
610,0,26021
611,0,26730
612,0,23564
613,0,21063
614,0,26800
615,0,25035
616,0,24612
617,0,28998
618,0,25225
619,0,24844
620,0,12243
621,0,25083
622,0,28430
623,0,19786
624,0,11546
625,0,49484
626,0,19582
627,0,22297
628,0,24757
629,0,26650
630,0,23220
631,0,24871
632,0,26086
633,0,27740
634,0,36871
635,0,27195
636,0,525
637,0,26086
638,0,19564
639,0,25104
640,0,27692
641,0,31126
642,0,27072
643,0,31838
644,0,18963
645,0,27328
646,0,32594
647,0,22440
648,0,49412
649,0,27576
650,0,31838
651,0,12243
652,0,26610
653,0,29570
654,0,26618
655,0,22259
656,0,24112
657,0,32317
658,0,25997
659,0,20449
660,0,37283
661,0,29848
662,0,26804
663,0,48979
664,0,16477
665,0,24446
666,0,23268
667,0,27014
668,0,26321
669,0,25958
670,0,8799
671,0,31844
672,0,26381
673,0,21173
674,0,27622
675,0,17315
676,0,17457
677,0,11137
678,0,48663
679,0,29903
680,0,24112
681,0,23845
682,0,27696
683,0,22544
684,0,24996
685,0,12087
686,0,49424
687,0,20626
688,0,28228
689,0,47998
690,0,28110
691,0,13624
692,0,22374
693,0,29580
694,0,25978
695,0,22454
696,0,13019
697,0,23253
698,0,21416
699,0,19535
700,0,19779
701,0,19344
702,0,24795
703,0,22600
704,0,19803
705,0,26596
706,0,33765
707,0,48937
708,0,25294
709,0,32686
710,0,26369
711,0,32228
712,0,30767
713,0,33257
714,0,26596
715,0,25274
716,0,47311
717,0,11137
718,0,10418
719,0,18870
720,0,23276
721,0,21822
722,0,23236
723,0,12243
724,0,31688
725,0,26811
726,0,26118
727,0,18392
728,0,26086
729,0,22193
730,0,28680
731,0,34713
732,0,19498
733,0,16654
734,0,32184
735,0,29240
736,0,15780
737,0,22282
738,0,24487
739,0,31958
740,0,11546
741,0,20941
742,0,28190
743,0,26596
744,0,15603
745,0,21977
746,0,31605
747,0,27608
748,0,22193
749,0,25885
750,0,26682
751,0,30564
752,0,12210
753,0,20830
754,0,32594
755,0,29163
756,0,27720
757,0,26882
758,0,35028
759,0,21173
760,0,34447
761,0,19803
762,0,14418
763,0,17517
764,0,24119
765,0,29341
766,0,25604
767,0,20812
768,0,17844
769,0,26699
770,0,20233
771,0,23582
772,0,17226
773,0,36754
774,0,28869
775,0,12162
776,0,22682
777,0,48005
778,0,21293
779,0,12243
780,0,30453
781,0,23734
782,0,33998
783,0,25338
784,0,29144
785,0,32969
786,0,21487
787,0,30210
788,0,24654
789,0,24996
790,0,20267
791,0,24210
792,0,19770
793,0,25108
794,0,26701
795,0,22055
796,0,24262
797,0,27998
798,0,22353
799,0,24493
800,0,22749
801,0,21812
802,0,21822
803,0,21861
804,0,17883
805,0,29104
806,0,23205
807,0,32118
808,0,24028
809,0,24808
810,0,11137
811,0,23706
812,0,25148
813,0,20516
814,0,26804
815,0,26963
816,0,34052
817,0,27973
818,0,18042
819,0,25447
820,0,23152
821,0,27704
822,0,26808
823,0,29704
824,0,23706
825,0,21374
826,0,29652
827,0,21693
828,0,23508
829,0,20241
830,0,20688
831,0,25035
832,0,28467
833,0,23221
834,0,22787
835,0,26618
836,0,16849
837,0,29430
838,0,22977
839,0,28890
840,0,25094
841,0,20818
842,0,26811
843,0,23802
844,0,22137
845,0,17964
846,0,22992
847,0,27281
848,0,13357
849,0,24880
850,0,32770
851,0,22981
852,0,21841
853,0,23582
854,0,23220
855,0,25372
856,0,26884
857,0,30792
858,0,25948
859,0,22986
860,0,32512
861,0,24588
862,0,24642
863,0,19661
864,0,21969
865,0,22579
866,0,30311
867,0,29285
868,0,10519
869,0,21797
870,0,17867
871,0,24487
872,0,19318
873,0,23363
874,0,31424
875,0,27355
876,0,11453
877,0,18523
878,0,22353
879,0,23446
880,0,26733
881,0,19991
882,0,25864
883,0,37154
884,0,18206
885,0,25945
886,0,24191
887,0,26636
888,0,19338
889,0,30166
890,0,18457
891,0,23626
892,0,34916
893,0,50601
894,0,26650
895,0,19770
896,0,19779
897,0,25160
898,0,19544
899,0,25792
900,0,27716
901,0,26429
902,0,11546
903,0,21869
904,0,21925
905,0,25452
906,0,35104
907,0,35534
908,0,18934
909,0,31844
910,0,21245
911,0,21256
912,0,16884
913,0,27761
914,0,27914
915,0,23626
916,0,25792
917,0,18093
918,0,27285
919,0,17995
920,0,33997
921,0,22911
922,0,21337
923,0,13190
924,0,21901
925,0,33662
926,0,35241
927,0,18016
928,0,31838
929,0,29704
930,0,21693
931,0,25548
932,0,26594
933,0,16036
934,0,22425
935,0,21205
936,0,21822
937,0,23375
938,0,10470
939,0,34074
940,0,29095
941,0,21147
942,0,22374
943,0,18457
944,0,17906
945,0,28012
946,0,22366
947,0,30311
948,0,26694
949,0,20120
950,0,25190
951,0,23626
952,0,19154
953,0,26227
954,0,23792
955,0,32972
956,0,22141
957,0,25190
958,0,19154
959,0,22583
960,0,22791
961,0,25372
962,0,22287
963,0,25048
964,0,25200
965,0,27674
966,0,28692
967,0,31838
968,0,29580
969,0,25321
970,0,33827
971,0,33209
972,0,48568
973,0,17901
974,0,20468
975,0,18839
976,0,22255
977,0,23111
978,0,24746
979,0,17807
980,0,22891
981,0,27613
982,0,19111
983,0,17473
984,0,26227
985,0,32506
986,0,26699
987,0,20418
988,0,32521
989,0,25406
990,0,50571
991,0,26839
992,0,27181
993,0,25668
994,0,16978
995,0,14660
996,0,23644
997,0,21147
998,0,27455
999,0,26615
1000,0,21107
1001,0,25083
1002,0,29313
1003,0,12405
1004,0,19786
1005,0,20463
1006,0,12243
1007,0,12243
1008,0,25170
1009,0,22037
1010,0,31605
1011,0,25557
1012,0,23548
1013,0,21945
1014,0,19534
1015,0,22345
1016,0,24168
1017,0,27285
1018,0,25601
1019,0,12243
1020,0,19111
1021,0,26143
1022,0,22879
1023,0,21166
1024,0,18420
1025,0,10198
1026,0,27378
1027,0,30478
1028,0,25668
1029,0,23766
1030,0,27329
1031,0,23915
1032,0,23635
1033,0,22869
1034,0,31331
1035,0,24105
1036,0,49463
1037,0,34052
1038,0,26767
1039,0,13141
1040,0,28948
1041,0,22129
1042,0,26662
1043,0,31464
1044,0,26435
1045,0,20468
1046,0,22141
1047,0,22981
1048,0,26383
1049,0,19770
1050,0,23766
1051,0,33707
1052,0,19774
1053,0,28523
1054,0,25236
1055,0,27555
1056,0,47999
1057,0,29306
1058,0,31208
1059,0,25915
1060,0,22751
1061,0,25316
1062,0,21474
1063,0,29668
1064,0,29084
1065,0,26636
1066,0,25539
1067,0,22869
1068,0,33485
1069,0,25338
1070,0,48803
1071,0,25321
1072,0,28809
1073,0,20830
1074,0,21170
1075,0,18917
1076,0,32412
1077,0,29426
1078,0,21124
1079,0,27564
1080,0,26208
1081,0,31250
1082,0,30120
1083,0,23930
1084,0,19784
1085,0,20730
1086,0,34787
1087,0,29240
1088,0,25864
1089,0,25948
1090,0,23588
1091,0,26308
1092,0,25263
1093,0,10418
1094,0,22126
1095,0,28770
1096,0,28809
1097,0,23769
1098,0,18963
1099,0,22255
1100,0,23043
1101,0,25307
1102,0,23542
1103,0,27948
1104,0,28857
1105,0,24112
1106,0,25166
1107,0,19770
1108,0,21872
1109,0,22252
1110,0,28731
1111,0,25674
1112,0,32282
1113,0,21925
1114,0,30935
1115,0,20468
1116,0,47998
1117,0,21317
1118,0,32256
1119,0,24913
1120,0,35436
1121,0,32782
1122,0,26143
1123,0,27965
1124,0,49508
1125,0,31570
1126,0,31139
1127,0,34428
1128,0,26650
1129,0,31787
1130,0,25048
1131,0,25321
1132,0,17897
1133,0,30718
1134,0,22226
1135,0,22374
1136,0,25372
1137,0,20120
1138,0,27134
1139,0,33251
1140,0,23749
1141,0,32743
1142,0,29044
1143,0,19675
1144,0,31115
1145,0,25278
1146,0,27455
1147,0,49505
1148,0,21335
1149,0,28689
1150,0,33097
1151,0,22137
1152,0,19681
1153,0,15428
1154,0,20446
1155,0,29117
1156,0,27338
1157,0,27403
1158,0,29290
1159,0,21416
1160,0,22879
1161,0,28890
1162,0,27542
1163,0,24112
1164,0,27816
1165,0,31838
1166,0,26143
1167,0,26839
1168,0,18396
1169,0,32412
1170,0,25548
1171,0,19425
1172,0,18165
1173,0,28467
1174,0,9561
1175,0,31381
1176,0,9928
1177,0,18069
1178,0,28430
1179,0,26650
1180,0,49122
1181,0,21289
1182,0,30878
1183,0,21945
1184,0,24648
1185,0,34904
1186,0,27189
1187,0,22891
1188,0,22137
1189,0,30928
1190,0,34098
1191,0,27391
1192,0,22911
1193,0,21797
1194,0,23653
1195,0,20842
1196,0,48337
1197,0,25164
1198,0,20158
1199,0,19994
1200,0,25792
1201,0,18420
1202,0,34654
1203,0,25457
1204,0,23644
1205,0,29910
1206,0,22507
1207,0,24134
1208,0,29419
1209,0,31855
1210,0,29398
1211,0,25178
1212,0,23369
1213,0,26311
1214,0,30015
1215,0,23221
1216,0,23530
1217,0,21823
1218,0,31143
1219,0,48692
1220,0,27011
1221,0,31605
1222,0,19740
1223,0,25410
1224,0,12791
1225,0,19963
1226,0,25885
1227,0,29580
1228,0,25869
1229,0,20571
1230,0,25282
1231,0,31454
1232,0,27124
1233,0,20680
1234,0,22787
1235,0,10926
1236,0,30620
1237,0,49398
1238,0,33662
1239,0,26645
1240,0,26323
1241,0,29408
1242,0,28297
1243,0,27692
1244,0,24208
1245,0,50192
1246,0,25307
1247,0,27905
1248,0,25823
1249,0,34317
1250,0,27222
1251,0,20521
1252,0,20633
1253,0,29508
1254,0,18013
1255,0,27391
1256,0,17459
1257,0,21830
1258,0,20050
1259,0,27410
1260,0,26618
1261,0,26277
1262,0,33081
1263,0,25334
1264,0,25659
1265,0,32118
1266,0,27674
1267,0,27622
1268,0,20199
1269,0,26876
1270,0,26884
1271,0,26680
1272,0,24164
1273,0,24654
1274,0,29247
1275,0,19592
1276,0,18420
1277,0,27181
1278,0,27993
1279,0,27214
1280,0,31464
1281,0,19236
1282,0,29934
1283,0,28764
1284,0,23663
1285,0,48014
1286,0,22724
1287,0,26699
1288,0,25178
1289,0,25108
1290,0,50174
1291,0,29954
1292,0,32770
1293,0,21306
1294,0,25940
1295,0,27189
1296,0,19146
1297,0,25324
1298,0,15721
1299,0,25997
1300,0,21410
1301,0,34916
1302,0,25048
1303,0,30977
1304,0,35654
1305,0,22141
1306,0,24844
1307,0,30678
1308,0,18013
1309,0,21170
1310,0,21490
1311,0,23928
1312,0,27403
1313,0,30143
1314,0,34688
1315,0,28955
1316,0,25170
1317,0,25094
1318,0,31139
1319,0,32660
1320,0,19545
1321,0,15629
1322,0,28012
1323,0,32946
1324,0,34419
1325,0,26699
1326,0,24112
1327,0,30069
1328,0,12791
1329,0,21436
1330,0,32032
1331,0,30392
1332,0,25974
1333,0,48600
1334,0,30015
1335,0,33720
1336,0,48825
1337,0,34004
1338,0,12791
1339,0,24168
1340,0,25410
1341,0,23749
1342,0,24066
1343,0,18523
1344,0,49333
1345,0,34419
1346,0,25005
1347,0,20525
1348,0,27338
1349,0,27317
1350,0,24020
1351,0,27174
1352,0,39157
1353,0,11546
1354,0,24816
1355,0,23895
1356,0,26636
1357,0,26284
1358,0,18451
1359,0,22770
1360,0,6797
1361,0,19498
1362,0,18206
1363,0,19417
1364,0,29002
1365,0,23874
1366,0,23286
1367,0,23865
1368,0,22747
1369,0,29252
1370,0,24654
1371,0,18802
1372,0,28434
1373,0,30750
1374,0,24130
1375,0,20680
1376,0,23588
1377,0,22579
1378,0,27019
1379,0,29282
1380,0,22507
1381,0,20832
1382,0,31844
1383,0,27515
1384,0,27555
1385,0,26323
1386,0,13571
1387,0,27696
1388,0,29104
1389,0,28531
1390,0,23508
1391,0,16654
1392,0,26452
1393,0,31838
1394,0,27086
1395,0,26699
1396,0,25770
1397,0,17883
1398,0,34654
1399,0,33662
1400,0,29580
1401,0,27024
1402,0,24315
1403,0,19217
1404,0,33182
1405,0,19109
1406,0,19034
1407,0,24642
1408,0,18451
1409,0,29714
1410,0,25372
1411,0,29306
1412,0,21470
1413,0,30259
1414,0,27222
1415,0,22749
1416,0,25307
1417,0,17995
1418,0,27329
1419,0,18176
1420,0,26730
1421,0,27740
1422,0,25519
1423,0,26618
1424,0,28610
1425,0,12162
1426,0,27629
1427,0,18495
1428,0,22193
1429,0,47726
1430,0,20418
1431,0,31906
1432,0,26208
1433,0,27546
1434,0,26485
1435,0,48433
1436,0,29252
1437,0,26906
1438,0,19963
1439,0,30259
1440,0,23982
1441,0,34216
1442,0,12402
1443,0,19377
1444,0,22345
1445,0,33727
1446,0,17883
1447,0,18839
1448,0,27552
1449,0,26985
1450,0,30268
1451,0,18963
1452,0,25249
1453,0,21284
1454,0,25538
1455,0,24631
1456,0,24871
1457,0,25321
1458,0,27998
1459,0,33765
1460,0,29306
1461,0,25406
1462,0,11137
1463,0,22751
1464,0,25108
1465,0,33635
1466,0,28783
1467,0,26311
1468,0,16543
1469,0,19494
1470,0,28520
1471,0,20525
1472,0,16540
1473,0,29104
1474,0,12791
1475,0,20818
1476,0,22682
1477,0,20215
1478,0,25978
1479,0,25472
1480,0,19740
1481,0,30078
1482,0,28190
1483,0,23092
1484,0,23407
1485,0,22193
1486,0,23110
1487,0,29313
1488,0,27643
1489,0,26118
1490,0,25984
1491,0,32946
1492,0,20235
1493,0,21402
1494,0,25668
1495,0,27692
1496,0,19344
1497,0,20891
1498,0,24844
1499,0,29934
1500,0,23766
1501,0,22297
1502,0,31716
1503,0,17140
1504,0,18804
1505,0,12243
1506,0,33704
1507,0,28900
1508,0,33851
1509,0,24991
1510,0,32946
1511,0,16249
1512,0,30098
1513,0,26890
1514,0,20418
1515,0,49337
1516,0,49330
1517,0,22604
1518,0,34163
1519,0,20761
1520,0,33247
1521,0,24122
1522,0,23074
1523,0,20241
1524,0,29095
1525,0,25083
1526,0,30401
1527,0,24871
1528,0,29533
1529,0,24415
1530,0,29893
1531,0,26645
1532,0,27783
1533,0,29657
1534,0,26582
1535,0,26650
1536,0,18523
1537,0,34307
1538,0,31075
1539,0,22343
1540,0,27993
1541,0,25200
1542,0,27194
1543,0,29014
1544,0,22037
1545,0,27707
1546,0,18961
1547,0,30015
1548,0,23653
1549,0,24191
1550,0,16214
1551,0,26933
1552,0,25815
1553,0,19417
1554,0,17330
1555,0,29095
1556,0,12791
1557,0,24168
1558,0,23749
1559,0,9577
1560,0,24642
1561,0,21410
1562,0,20818
1563,0,17738
1564,0,17804
1565,0,21173
1566,0,21107
1567,0,34702
1568,0,23221
1569,0,24191
1570,0,30015
1571,0,34883
1572,0,26701
1573,0,20434
1574,0,23766
1575,0,24791
1576,0,22047
1577,0,23393
1578,0,26618
1579,0,28190
1580,0,22466
1581,0,21230
1582,0,16390
1583,0,20764
1584,0,16871
1585,0,22331
1586,0,48683
1587,0,29282
1588,0,49463
1589,0,24757
1590,0,24642
1591,0,18918
1592,0,26086
1593,0,22287
1594,0,27605
1595,0,34916
1596,0,23393
1597,0,31838
1598,0,10926
1599,0,11137
1600,0,22137
1601,0,19765
1602,0,30120
1603,0,21063
1604,0,20571
1605,0,26680
1606,0,20580
1607,0,21293
1608,0,26227
1609,0,23167
1610,0,26227
1611,0,19111
1612,0,27729
1613,0,26636
1614,0,12642
1615,0,21983
1616,0,27794
1617,0,16410
1618,0,22977
1619,0,28618
1620,0,22751
1621,0,25554
1622,0,20434
1623,0,22193
1624,0,24134
1625,0,19615
1626,0,25094
1627,0,27605
1628,0,26636
1629,0,12155
1630,0,28207
1631,0,23051
1632,0,25279
1633,0,22047
1634,0,48682
1635,0,19513
1636,0,30935
1637,0,23092
1638,0,19557
1639,0,19545
1640,0,30243
1641,0,22869
1642,0,28114
1643,0,20463
1644,0,29408
1645,0,27674
1646,0,24446
1647,0,34308
1648,0,29397
1649,0,18987
1650,0,26787
1651,0,26439
1652,0,27905
1653,0,22604
1654,0,29104
1655,0,18519
1656,0,28228
1657,0,24642
1658,0,31570
1659,0,20985
1660,0,16624
1661,0,27242
1662,0,25190
1663,0,33727
1664,0,19803
1665,0,25548
1666,0,32946
1667,0,33081
1668,0,23151
1669,0,18444
1670,0,31844
1671,0,19111
1672,0,26063
1673,0,28558
1674,0,23915
1675,0,21479
1676,0,21959
1677,0,21093
1678,0,19582
1679,0,48523
1680,0,26834
1681,0,23264
1682,0,28857
1683,0,20158
1684,0,26808
1685,0,29621
1686,0,25372
1687,0,23930
1688,0,27622
1689,0,22869
1690,0,14774
1691,0,23588
1692,0,23051
1693,0,21572
1694,0,21197
1695,0,22440
1696,0,11781
1697,0,30311
1698,0,29645
1699,0,29871
1700,0,22707
1701,0,26304
1702,0,22826
1703,0,34916
1704,0,29282
1705,0,19332
1706,0,18495
1707,0,16207
1708,0,31424
1709,0,23286
1710,0,31622
1711,0,27019
1712,0,19886
1713,0,30572
1714,0,31243
1715,0,27969
1716,0,22272
1717,0,34420
1718,0,29913
1719,0,32979
1720,0,48641
1721,0,27802
1722,0,24600
1723,0,16207
1724,0,29144
1725,0,28692
1726,0,24122
1727,0,21848
1728,0,24612
1729,0,23369
1730,0,22193
1731,0,48299
1732,0,50136
1733,0,30894
1734,0,23051
1735,0,27605
1736,0,31838
1737,0,27317
1738,0,24967
1739,0,26511
1740,0,27124
1741,0,23245
1742,0,28520
1743,0,31844
1744,0,20349
1745,0,29904
1746,0,22466
1747,0,25659
1748,0,27412
1749,0,17578
1750,0,15920
1751,0,16922
1752,0,23564
1753,0,20946
1754,0,23845
1755,0,25815
1756,0,31641
1757,0,22141
1758,0,29735
1759,0,26916
1760,0,21416
1761,0,49593
1762,0,28809
1763,0,24201
1764,0,20571
1765,0,15358
1766,0,25116
1767,0,28520
1768,0,19498
1769,0,25997
1770,0,24996
1771,0,9483
1772,0,36561
1773,0,25282
1774,0,29871
1775,0,24168
1776,0,27507
1777,0,19544
1778,0,21436
1779,0,27285
1780,0,23393
1781,0,19740
1782,0,20835
1783,0,25792
1784,0,26487
1785,0,20680
1786,0,25601
1787,0,21720
1788,0,21860
1789,0,22604
1790,0,22345
1791,0,26738
1792,0,27428
1793,0,16140
1794,0,28558
1795,0,34419
1796,0,23273
1797,0,18427
1798,0,27780
1799,0,17860
1800,0,32949
1801,0,23928
1802,0,20120
1803,0,23555
1804,0,23548
1805,0,24631
1806,0,26361
1807,0,20784
1808,0,25601
1809,0,23022
1810,0,30793
1811,0,31577
1812,0,18451
1813,0,24224
1814,0,26020
1815,0,18059
1816,0,19146
1817,0,26618
1818,0,22644
1819,0,24909
1820,0,26800
1821,0,28774
1822,0,22600
1823,0,21901
1824,0,31761
1825,0,31264
1826,0,20585
1827,0,25307
1828,0,21124
1829,0,24210
1830,0,17162
1831,0,27019
1832,0,16958
1833,0,48455
1834,0,20162
1835,0,25279
1836,0,23706
1837,0,27905
1838,0,28531
1839,0,16505
1840,0,22137
1841,0,23982
1842,0,24927
1843,0,24631
1844,0,31208
1845,0,18420
1846,0,24971
1847,0,20248
1848,0,33754
1849,0,31838
1850,0,18396
1851,0,21170
1852,0,29893
1853,0,26594
1854,0,32878
1855,0,19183
1856,0,26401
1857,0,22141
1858,0,31993
1859,0,32979
1860,0,25340
1861,0,27613
1862,0,24262
1863,0,25795
1864,0,33266
1865,0,21420
1866,0,24954
1867,0,28367
1868,0,27158
1869,0,28252
1870,0,27771
1871,0,26925
1872,0,27142
1873,0,28783
1874,0,23524
1875,0,27355
1876,0,25274
1877,0,23442
1878,0,27707
1879,0,18341
1880,0,17801
1881,0,15560
1882,0,27338
1883,0,28228
1884,0,22242
1885,0,27242
1886,0,33553
1887,0,13357
1888,0,23766
1889,0,22466
1890,0,25200
1891,0,33209
1892,0,26285
1893,0,30718
1894,0,22238
1895,0,31464
1896,0,22129
1897,0,23508
1898,0,23626
1899,0,29533
1900,0,23835
1901,0,27194
1902,0,22563
1903,0,13067
1904,0,16975
1905,0,50192
1906,0,27428
1907,0,21865
1908,0,25094
1909,0,50553
1910,0,24954
1911,0,11760
1912,0,16452
1913,0,32118
1914,0,21107
1915,0,21872
1916,0,18069
1917,0,28890
1918,0,33811
1919,0,25307
1920,0,27202
1921,0,19020
1922,0,15780
1923,0,18917
1924,0,29784
1925,0,30006
1926,0,19182
1927,0,22037
1928,0,25160
1929,0,25200
1930,0,32163
1931,0,24937
1932,0,39985
1933,0,22795
1934,0,20197
1935,0,48374
1936,0,27222
1937,0,27124
1938,0,21436
1939,0,19914
1940,0,18943
1941,0,27189
1942,0,25094
1943,0,27251
1944,0,25823
1945,0,20946
1946,0,20233
1947,0,33050
1948,0,48638
1949,0,22749
1950,0,25457
1951,0,31844
1952,0,32635
1953,0,23738
1954,0,22913
1955,0,24547
1956,0,33662
1957,0,25406
1958,0,29652
1959,0,28858
1960,0,25767
1961,0,26630
1962,0,25294
1963,0,32979
1964,0,19417
1965,0,30678
1966,0,22791
1967,0,27783
1968,0,27014
1969,0,19111
1970,0,48704
1971,0,26682
1972,0,23706
1973,0,34510
1974,0,23162
1975,0,25562
1976,0,30689
1977,0,32368
1978,0,22703
1979,0,20680
1980,0,28610
1981,0,24446
1982,0,34419
1983,0,15634
1984,0,25855
1985,0,27914
1986,0,19020
1987,0,18262
1988,0,24122
1989,0,23198
1990,0,20459
1991,0,19347
1992,0,22483
1993,0,29754
1994,0,27696
1995,0,35119
1996,0,19465
1997,0,20233
1998,0,33806
1999,0,25659
2000,0,32946
2001,0,22242
2002,0,20162
2003,0,23508
2004,0,22567
2005,0,27281
2006,0,25104
2007,0,26596
2008,0,26197
2009,0,22275
2010,0,32946
2011,0,20235
2012,0,27905
2013,0,32770
2014,0,34447
2015,0,25294
2016,0,29918
2017,0,17370
2018,0,13425
2019,0,27062
2020,0,29408
2021,0,23369
2022,0,22252
2023,0,16668
2024,0,26434
2025,0,26884
2026,0,28680
2027,0,31716
2028,0,27317
2029,0,18105
2030,0,16477
2031,0,13357
2032,0,48665
2033,0,22259
2034,0,26166
2035,0,21869
2036,0,32969
2037,0,25539
2038,0,23952
2039,0,48979
2040,0,26435
2041,0,25601
2042,0,19421
2043,0,31787
2044,0,26454
2045,0,18523
2046,0,27039
2047,0,25751
2048,0,18774
2049,0,22795
2050,0,21572
2051,0,19586
2052,0,23816
2053,0,21124
2054,0,26882
2055,0,23487
2056,0,22242
2057,0,19869
2058,0,23369
2059,0,16230
2060,0,17406
2061,0,27317
2062,0,19770
2063,0,20473
2064,0,19740
2065,0,25005
2066,0,34317
2067,0,26431
2068,0,18959
2069,0,24002
2070,0,29714
2071,0,30620
2072,0,33097
2073,0,18802
2074,0,32946
2075,0,21729
2076,0,34779
2077,0,22193
2078,0,22255
2079,0,20633
2080,0,24954
2081,0,26621
2082,0,36972
2083,0,23792
2084,0,50192
2085,0,26787
2086,0,29285
2087,0,24255
2088,0,22343
2089,0,27716
2090,0,23626
2091,0,28684
2092,0,26180
2093,0,30015
2094,0,20883
2095,0,27181
2096,0,25659
2097,0,24130
2098,0,20832
2099,0,28434
2100,0,27078
2101,0,24066
2102,0,22343
2103,0,48036
2104,0,23167
2105,0,23559
2106,0,9321
2107,0,28061
2108,0,20605
2109,0,31787
2110,0,24081
2111,0,19252
2112,0,31622
2113,0,34654
2114,0,19786
2115,0,15861
2116,0,48541
2117,0,24049
2118,0,25324
2119,0,21474
2120,0,19991
2121,0,25974
2122,0,21067
2123,0,29714
2124,0,21474
2125,0,21173
2126,0,28373
2127,0,24215
2128,0,27002
2129,0,25048
2130,0,27002
2131,0,29240
2132,0,34369
2133,0,22879
2134,0,12151
2135,0,15768
2136,0,29893
2137,0,25538
2138,0,12072
2139,0,31844
2140,0,24904
2141,0,24142
2142,0,30506
2143,0,23851
2144,0,30278
2145,0,21119
2146,0,21370
2147,0,19338
2148,0,27729
2149,0,20468
2150,0,33485
2151,0,13357
2152,0,25278
2153,0,19195
2154,0,30793
2155,0,26599
2156,0,24500
2157,0,27690
2158,0,33754
2159,0,27654
2160,0,24896
2161,0,21830
2162,0,26429
2163,0,24112
2164,0,23749
2165,0,23318
2166,0,23302
2167,0,26834
2168,0,25958
2169,0,24654
2170,0,31985
2171,0,26923
2172,0,33050
2173,0,27768
2174,0,24654
2175,0,29269
2176,0,27242
2177,0,20463
2178,0,31838
2179,0,35028
2180,0,24030
2181,0,23962
2182,0,27242
2183,0,21966
2184,0,48337
2185,0,25166
2186,0,32520
2187,0,32946
2188,0,26702
2189,0,28776
2190,0,25094
2191,0,21860
2192,0,16885
2193,0,34506
2194,0,20032
2195,0,26369
2196,0,25340
2197,0,26701
2198,0,26086
2199,0,27195
2200,0,27865
2201,0,21036
2202,0,19740
2203,0,22579
2204,0,23524
2205,0,33635
2206,0,20180
2207,0,17162
2208,0,24487
2209,0,26180
2210,0,12155
2211,0,30098
2212,0,33998
2213,0,20228
2214,0,26923
2215,0,22279
2216,0,15701
2217,0,17011
2218,0,22749
2219,0,17801
2220,0,11546
2221,0,31230
2222,0,22275
2223,0,21177
2224,0,25094
2225,0,32782
2226,0,19803
2227,0,26680
2228,0,14104
2229,0,22554
2230,0,20917
2231,0,22137
2232,0,33926
2233,0,21124
2234,0,24493
2235,0,25815
2236,0,22483
2237,0,33693
2238,0,19746
2239,0,25334
2240,0,21327
2241,0,48546
2242,0,26086
2243,0,27654
2244,0,19920
2245,0,20141
2246,0,24971
2247,0,24471
2248,0,24880
2249,0,27403
2250,0,26916
2251,0,24600
2252,0,26912
2253,0,12243
2254,0,27572
2255,0,32825
2256,0,25319
2257,0,25885
2258,0,26701
2259,0,19642
2260,0,21983
2261,0,30028
2262,0,27468
2263,0,22791
2264,0,21969
2265,0,18519
2266,0,21436
2267,0,27905
2268,0,24081
2269,0,14660
2270,0,29282
2271,0,21572
2272,0,21378
2273,0,27174
2274,0,34654
2275,0,32998
2276,0,34877
2277,0,18699
2278,0,19695
2279,0,25028
2280,0,25525
2281,0,30352
2282,0,25028
2283,0,26649
2284,0,19344
2285,0,26432
2286,0,26834
2287,0,16783
2288,0,28110
2289,0,30894
2290,0,31570
2291,0,29714
2292,0,29465
2293,0,50192
2294,0,29934
2295,0,27693
2296,0,19963
2297,0,20891
2298,0,30564
2299,0,24654
2300,0,17315
2301,0,20457
2302,0,20615
2303,0,22317
2304,0,33099
2305,0,23151
2306,0,23369
2307,0,23930
2308,0,23977
2309,0,19421
2310,0,31636
2311,0,29657
2312,0,23077
2313,0,26369
2314,0,31243
2315,0,25329
2316,0,18999
2317,0,30028
2318,0,25263
2319,0,34701
2320,0,22353
2321,0,26804
2322,0,28978
2323,0,25307
2324,0,27306
2325,0,19535
2326,0,29580
2327,0,21693
2328,0,17804
2329,0,26000
2330,0,26323
2331,0,28167
2332,0,19020
2333,0,18451
2334,0,25964
2335,0,25279
2336,0,27120
2337,0,28434
2338,0,33997
2339,0,29095
2340,0,28963
2341,0,25372
2342,0,17010
2343,0,21429
2344,0,19344
2345,0,27716
2346,0,22193
2347,0,29377
2348,0,24210
2349,0,32929
2350,0,27113
2351,0,23766
2352,0,25984
2353,0,25160
2354,0,22751
2355,0,16222
2356,0,24999
2357,0,29430
2358,0,22374
2359,0,22193
2360,0,23788
2361,0,19939
2362,0,23415
2363,0,19338
2364,0,27572
2365,0,26929
2366,0,19111
2367,0,18265
2368,0,35534
2369,0,23363
2370,0,18069
2371,0,32972
2372,0,28801
2373,0,31381
2374,0,20447
2375,0,21886
2376,0,29934
2377,0,23318
2378,0,25164
2379,0,22459
2380,0,26623
2381,0,21436
2382,0,31208
2383,0,21147
2384,0,15582
2385,0,23087
2386,0,24066
2387,0,27865
2388,0,27865
2389,0,29652
2390,0,24166
2391,0,28857
2392,0,21860
2393,0,21119
2394,0,26943
2395,0,19991
2396,0,20638
2397,0,30935
2398,0,32929
2399,0,31139
2400,0,21436
2401,0,23268
2402,0,32040
2403,0,22353
2404,0,25538
2405,0,31844
2406,0,25153
2407,0,27281
2408,0,25221
2409,0,27507
2410,0,23915
2411,0,33257
2412,0,26699
2413,0,25221
2414,0,32946
2415,0,20241
2416,0,24191
2417,0,24588
2418,0,31865
2419,0,25539
2420,0,24262
2421,0,26454
2422,0,48933
2423,0,28363
2424,0,33960
2425,0,21720
2426,0,28978
2427,0,27317
2428,0,27472
2429,0,23951
2430,0,24654
2431,0,27072
2432,0,30311
2433,0,23221
2434,0,19034
2435,0,35241
2436,0,29432
2437,0,15425
2438,0,15350
2439,0,26800
2440,0,48944
2441,0,27737
2442,0,27993
2443,0,26966
2444,0,20537
2445,0,15981
2446,0,26850
2447,0,27707
2448,0,22751
2449,0,24913
2450,0,19963
2451,0,49377
2452,0,23167
2453,0,23221
2454,0,34420
2455,0,27580
2456,0,32946
2457,0,19951
2458,0,19587
2459,0,27530
2460,0,28467
2461,0,25659
2462,0,30196
2463,0,27174
2464,0,34506
2465,0,24844
2466,0,28188
2467,0,24327
2468,0,24871
2469,0,23769
2470,0,23915
2471,0,25005
2472,0,28801
2473,0,12243
2474,0,32946
2475,0,16287
2476,0,25406
2477,0,19587
2478,0,26933
2479,0,28144
2480,0,25372
2481,0,24493
2482,0,12402
2483,0,27568
2484,0,33553
2485,0,48014
2486,0,19252
2487,0,27072
2488,0,21458
2489,0,27158
2490,0,27494
2491,0,17988
2492,0,35536
2493,0,25779
2494,0,23644
2495,0,25340
2496,0,23766
2497,0,16925
2498,0,27328
2499,0,22600
2500,0,49424
2501,0,30311
2502,0,21101
2503,0,15604
2504,0,20120
2505,0,26910
2506,0,26769
2507,0,18172
2508,0,23626
2509,0,23618
2510,0,23559
2511,0,19338
2512,0,29566
2513,0,16540
2514,0,33257
2515,0,23573
2516,0,25112
2517,0,24201
2518,0,22193
2519,0,30620
2520,0,20930
2521,0,23311
2522,0,26733
2523,0,26143
2524,0,20521
2525,0,15792
2526,0,48933
2527,0,22579
2528,0,27674
2529,0,24130
2530,0,25974
2531,0,29240
2532,0,22694
2533,0,34654
2534,0,23209
2535,0,17897
2536,0,13584
2537,0,21673
2538,0,23792
2539,0,26405
2540,0,24134
2541,0,18427
2542,0,26733
2543,0,29714
2544,0,19303
2545,0,25452
2546,0,27542
2547,0,27704
2548,0,24020
2549,0,25077
2550,0,31271
2551,0,27654
2552,0,24255
2553,0,28978
2554,0,26252
2555,0,16214
2556,0,19770
2557,0,22242
2558,0,26010
2559,0,31838
2560,0,23253
2561,0,26508
2562,0,26966
2563,0,27468
2564,0,48330
2565,0,33998
2566,0,34458
2567,0,26906
2568,0,33960
2569,0,31622
2570,0,25294
2571,0,28144
2572,0,32512
2573,0,24816
2574,0,30419
2575,0,26275
2576,0,25539
2577,0,16222
2578,0,25307
2579,0,24180
2580,0,29910
2581,0,22977
2582,0,23221
2583,0,24020
2584,0,25548
2585,0,25324
2586,0,21177
2587,0,24215
2588,0,48937
2589,0,32743
2590,0,19236
2591,0,32929
2592,0,21822
2593,0,9928
2594,0,27086
2595,0,29306
2596,0,35436
2597,0,30028
2598,0,30506
2599,0,25548
2600,0,34702
2601,0,12946
2602,0,31688
2603,0,33932
2604,0,20158
2605,0,27605
2606,0,23051
2607,0,28783
2608,0,17406
2609,0,13593
2610,0,25439
2611,0,29570
2612,0,25997
2613,0,21966
2614,0,16287
2615,0,28207
2616,0,19686
2617,0,30829
2618,0,48636
2619,0,22137
2620,0,21436
2621,0,25329
2622,0,21416
2623,0,22193
2624,0,23573
2625,0,27494
2626,0,25562
2627,0,27315
2628,0,24927
2629,0,12791
2630,0,17334
2631,0,21036
2632,0,29503
2633,0,29580
2634,0,27559
2635,0,22826
2636,0,12642
2637,0,10519
2638,0,25864
2639,0,18069
2640,0,23930
2641,0,34736
2642,0,20434
2643,0,33188
2644,0,24904
2645,0,28978
2646,0,12243
2647,0,33549
2648,0,29934
2649,0,31374
2650,0,29095
2651,0,22137
2652,0,31241
2653,0,48064
2654,0,25338
2655,0,48674
2656,0,19582
2657,0,19881
2658,0,29652
2659,0,31958
2660,0,20784
2661,0,23930
2662,0,26052
2663,0,27624
2664,0,10519
2665,0,25726
2666,0,18176
2667,0,26645
2668,0,27704
2669,0,24130
2670,0,22911
2671,0,28689
2672,0,31501
2673,0,50161
2674,0,27195
2675,0,25340
2676,0,31844
2677,0,19592
2678,0,26311
2679,0,23870
2680,0,24642
2681,0,24102
2682,0,23628
2683,0,29860
2684,0,24122
2685,0,33188
2686,0,23769
2687,0,19111
2688,0,16304
2689,0,28178
2690,0,23653
2691,0,28426
2692,0,21156
2693,0,33662
2694,0,22343
2695,0,28231
2696,0,19344
2697,0,33257
2698,0,21470
2699,0,23489
2700,0,29714
2701,0,19770
2702,0,27716
2703,0,21177
2704,0,29652
2705,0,21771
2706,0,27720
2707,0,20446
2708,0,27716
2709,0,17883
2710,0,27725
2711,0,20370
2712,0,12243
2713,0,31991
2714,0,34755
2715,0,21995
2716,0,31243
2717,0,28084
2718,0,22911
2719,0,27306
2720,0,25324
2721,0,22483
2722,0,24981
2723,0,32946
2724,0,27090
2725,0,50126
2726,0,25274
2727,0,20115
2728,0,23653
2729,0,30098
2730,0,26739
2731,0,21872
2732,0,32946
2733,0,25652
2734,0,25601
2735,0,19740
2736,0,26519
2737,0,25200
2738,0,27624
2739,0,24102
2740,0,19774
2741,0,24654
2742,0,24308
2743,0,17546
2744,0,28012
2745,0,23175
2746,0,21969
2747,0,33692
2748,0,34447
2749,0,26399
2750,0,32791
2751,0,28185
2752,0,24654
2753,0,22137
2754,0,30091
2755,0,27222
2756,0,14851
2757,0,21063
2758,0,20594
2759,0,27608
2760,0,28948
2761,0,20615
2762,0,23498
2763,0,32917
2764,0,23245
2765,0,9180
2766,0,24294
2767,0,31844
2768,0,28185
2769,0,13442
2770,0,25215
2771,0,33662
2772,0,22193
2773,0,48803
2774,0,33679
2775,0,25249
2776,0,30867
2777,0,31838
2778,0,27142
2779,0,24210
2780,0,23245
2781,0,24927
2782,0,25918
2783,0,24066
2784,0,23559
2785,0,18451
2786,0,17285
2787,0,27998
2788,0,27521
2789,0,18265
2790,0,20818
2791,0,29938
2792,0,34420
2793,0,24575
2794,0,22890
2795,0,25104
2796,0,11512
2797,0,25810
2798,0,21122
2799,0,27208
2800,0,22782
2801,0,23564
2802,0,26811
2803,0,29492
2804,0,12791
2805,0,23962
2806,0,23151
2807,0,27654
2808,0,22459
2809,0,20447
2810,0,17971
2811,0,19020
2812,0,22795
2813,0,21370
2814,0,27011
2815,0,26027
2816,0,28743
2817,0,26208
2818,0,30415
2819,0,24215
2820,0,26526
2821,0,19803
2822,0,25845
2823,0,24909
2824,0,32979
2825,0,22554
2826,0,24130
2827,0,29002
2828,0,23051
2829,0,28334
2830,0,20688
2831,0,22317
2832,0,24642
2833,0,33266
2834,0,11160
2835,0,31795
2836,0,17769
2837,0,25282
2838,0,27011
2839,0,26767
2840,0,29701
2841,0,24638
2842,0,26208
2843,0,25792
2844,0,23305
2845,0,26063
2846,0,26682
2847,0,24308
2848,0,15920
2849,0,22751
2850,0,25548
2851,0,34849
2852,0,26452
2853,0,29714
2854,0,48665
2855,0,26522
2856,0,25129
2857,0,28110
2858,0,28809
2859,0,25453
2860,0,23198
2861,0,16668
2862,0,22126
2863,0,25864
2864,0,31636
2865,0,49122
2866,0,48458
2867,0,18451
2868,0,11412
2869,0,24215
2870,0,21416
2871,0,28989
2872,0,27555
2873,0,18206
2874,0,30917
2875,0,28826
2876,0,25426
2877,0,23363
2878,0,21908
2879,0,26876
2880,0,24816
2881,0,22507
2882,0,25757
2883,0,25439
2884,0,29417
2885,0,24066
2886,0,21872
2887,0,18262
2888,0,12791
2889,0,31742
2890,0,26649
2891,0,12243
2892,0,35092
2893,0,33998
2894,0,19129
2895,0,29910
2896,0,29282
2897,0,26311
2898,0,21067
2899,0,20115
2900,0,31838
2901,0,30499
2902,0,19991
2903,0,19786
2904,0,22879
2905,0,33697
2906,0,25742
2907,0,18494
2908,0,19210
2909,0,27274
2910,0,23548
2911,0,26956
2912,0,27410
2913,0,30203
2914,0,9577
2915,0,16885
2916,0,22363
2917,0,10053
2918,0,25094
2919,0,24255
2920,0,27024
2921,0,24414
2922,0,23264
2923,0,28376
2924,0,25340
2925,0,24210
2926,0,31241
2927,0,19266
2928,0,18230
2929,0,27998
2930,0,18299
2931,0,26196
2932,0,27816
2933,0,26118
2934,0,20594
2935,0,33209
2936,0,24927
2937,0,30174
2938,0,20241
2939,0,23792
2940,0,26247
2941,0,25048
2942,0,17781
2943,0,36561
2944,0,35028
2945,0,34204
2946,0,12087
2947,0,26311
2948,0,20162
2949,0,23706
2950,0,25294
2951,0,22159
2952,0,28167
2953,0,19786
2954,0,15030
2955,0,25338
2956,0,25652
2957,0,29144
2958,0,26405
2959,0,25375
2960,0,19977
2961,0,27692
2962,0,26767
2963,0,28680
2964,0,32917
2965,0,30392
2966,0,27383
2967,0,30705
2968,0,28376
2969,0,23221
2970,0,32032
2971,0,21119
2972,0,19183
2973,0,23403
2974,0,27202
2975,0,49427
2976,0,33188
2977,0,23618
2978,0,19338
2979,0,27692
2980,0,26304
2981,0,33182
2982,0,24358
2983,0,22013
2984,0,23151
2985,0,27455
2986,0,19661
2987,0,50126
2988,0,17883
2989,0,27161
2990,0,26680
2991,0,14660
2992,0,48036
2993,0,25123
2994,0,32521
2995,0,26208
2996,0,24150
2997,0,48683
2998,0,27028
2999,0,25094
3000,0,34755
3001,0,30685
3002,0,25263
3003,0,23582
3004,0,25538
3005,0,22137
3006,0,34249
3007,0,21416
3008,0,23924
3009,0,28610
3010,0,27039
3011,0,48036
3012,0,18451
3013,0,24168
3014,0,19359
3015,0,21677
3016,0,48067
3017,0,22749
3018,0,29166
3019,0,20120
3020,0,26814
3021,0,26929
3022,0,16540
3023,0,22749
3024,0,23792
3025,0,34980
3026,0,19953
3027,0,27410
3028,0,27542
3029,0,26243
3030,0,20761
3031,0,22345
3032,0,18282
3033,0,29714
3034,0,10705
3035,0,27194
3036,0,32767
3037,0,22374
3038,0,29801
3039,0,33061
3040,0,23930
3041,0,34447
3042,0,12243
3043,0,16390
3044,0,22707
3045,0,18073
3046,0,29541
3047,0,24262
3048,0,24927
3049,0,12243
3050,0,21036
3051,0,24954
3052,0,20680
3053,0,30332
3054,0,48337
3055,0,24642
3056,0,28742
3057,0,27716
3058,0,29605
3059,0,33752
3060,0,19770
3061,0,20233
3062,0,27161
3063,0,32770
3064,0,26800
3065,0,25447
3066,0,29290
3067,0,23232
3068,0,21273
3069,0,31220
3070,0,24612
3071,0,21983
3072,0,30453
3073,0,21817
3074,0,33998
3075,0,29216
3076,0,24913
3077,0,10198
3078,0,15030
3079,0,26489
3080,0,28826
3081,0,19111
3082,0,33840
3083,0,50192
3084,0,21496
3085,0,26369
3086,0,34420
3087,0,33553
3088,0,24832
3089,0,21793
3090,0,26405
3091,0,16654
3092,0,25942
3093,0,23847
3094,0,15522
3095,0,25606
3096,0,18059
3097,0,23508
3098,0,12791
3099,0,20463
3100,0,26764
3101,0,20378
3102,0,20418
3103,0,25997
3104,0,13547
3105,0,27474
3106,0,25104
3107,0,19273
3108,0,19770
3109,0,24210
3110,0,28190
3111,0,20370
3112,0,28373
3113,0,26779
3114,0,24112
3115,0,19939
3116,0,18942
3117,0,20680
3118,0,21374
3119,0,21572
3120,0,25845
3121,0,27245
3122,0,25554
3123,0,25372
3124,0,25443
3125,0,25548
3126,0,31680
3127,0,18265
3128,0,27134
3129,0,27542
3130,0,26691
3131,0,22193
3132,0,29263
3133,0,13067
3134,0,27933
3135,0,27542
3136,0,27729
3137,0,24500
3138,0,19465
3139,0,21374
3140,0,22911
3141,0,30478
3142,0,31029
3143,0,33976
3144,0,23008
3145,0,20761
3146,0,24293
3147,0,28114
3148,0,22480
3149,0,25779
3150,0,25974
3151,0,29269
3152,0,23977
3153,0,26610
3154,0,29095
3155,0,22747
3156,0,18073
3157,0,12243
3158,0,20241
3159,0,27338
3160,0,23564
3161,0,27142
3162,0,33407
3163,0,17995
3164,0,29703
3165,0,26369
3166,0,24981
3167,0,15358
3168,0,25279
3169,0,25406
3170,0,24514
3171,0,23446
3172,0,29002
3173,0,27338
3174,0,25083
3175,0,17345
3176,0,27142
3177,0,20761
3178,0,12243
3179,0,33806
3180,0,27474
3181,0,11137
3182,0,21823
3183,0,8424
3184,0,19111
3185,0,26682
3186,0,31208
3187,0,16975
3188,0,27707
3189,0,25116
3190,0,19587
3191,0,29417
3192,0,24210
3193,0,48330
3194,0,27383
3195,0,29508
3196,0,29413
3197,0,25893
3198,0,29269
3199,0,12701
3200,0,28371
3201,0,26180
3202,0,24166
3203,0,48663
3204,0,23276
3205,0,24934
3206,0,22122
3207,0,21927
3208,0,31570
3209,0,26086
3210,0,21436
3211,0,20818
3212,0,25190
3213,0,29508
3214,0,25885
3215,0,20812
3216,0,36561
3217,0,24255
3218,0,30091
3219,0,20434
3220,0,26596
3221,0,19914
3222,0,15717
3223,0,26105
3224,0,24446
3225,0,26769
3226,0,35544
3227,0,49026
3228,0,30506
3229,0,9995
3230,0,23289
3231,0,25178
3232,0,38665
3233,0,24996
3234,0,19661
3235,0,11546
3236,0,26680
3237,0,12243
3238,0,18959
3239,0,12331
3240,0,23209
3241,0,12243
3242,0,24746
3243,0,26738
3244,0,31838
3245,0,50192
3246,0,23738
3247,0,20896
3248,0,28963
3249,0,31978
3250,0,9577
3251,0,25604
3252,0,29508
3253,0,34048
3254,0,21170
3255,0,27690
3256,0,21908
3257,0,19803
3258,0,19871
3259,0,22343
3260,0,26923
3261,0,22242
3262,0,26787
3263,0,23915
3264,0,22602
3265,0,20393
3266,0,19111
3267,0,22116
3268,0,23221
3269,0,26158
3270,0,21886
3271,0,29408
3272,0,29036
3273,0,21370
3274,0,29470
3275,0,26618
3276,0,48036
3277,0,27865
3278,0,25788
3279,0,31636
3280,0,29036
3281,0,27844
3282,0,31060
3283,0,25282
3284,0,14660
3285,0,19129
3286,0,19675
3287,0,24779
3288,0,21901
3289,0,23524
3290,0,21572
3291,0,50126
3292,0,16140
3293,0,47975
3294,0,26630
3295,0,32520
3296,0,12243
3297,0,22374
3298,0,23395
3299,0,26618
3300,0,20770
3301,0,22567
3302,0,20680
3303,0,20761
3304,0,29518
3305,0,31838
3306,0,21337
3307,0,14397
3308,0,19347
3309,0,48636
3310,0,22749
3311,0,19344
3312,0,24954
3313,0,25075
3314,0,19803
3315,0,28167
3316,0,28890
3317,0,28367
3318,0,16304
3319,0,28467
3320,0,16925
3321,0,30091
3322,0,49671
3323,0,23302
3324,0,25164
3325,0,26508
3326,0,19266
3327,0,30977
3328,0,16287
3329,0,25340
3330,0,15425
3331,0,28520
3332,0,16546
3333,0,15428
3334,0,21972
3335,0,21969
3336,0,23573
3337,0,22363
3338,0,16222
3339,0,12791
3340,0,34751
3341,0,23568
3342,0,23473
3343,0,28890
3344,0,21410
3345,0,24446
3346,0,27142
3347,0,23469
3348,0,24642
3349,0,17801
3350,0,23342
3351,0,27905
3352,0,34916
3353,0,23734
3354,0,30689
3355,0,18451
3356,0,27441
3357,0,23988
3358,0,26379
3359,0,33720
3360,0,20680
3361,0,26764
3362,0,25200
3363,0,18943
3364,0,21830
3365,0,32732
3366,0,24130
3367,0,26699
3368,0,22193
3369,0,26775
3370,0,20158
3371,0,29541
3372,0,25178
3373,0,33818
3374,0,26800
3375,0,26618
3376,0,25324
3377,0,26435
3378,0,25601
3379,0,29714
3380,0,26636
3381,0,15753
3382,0,13077
3383,0,19774
3384,0,27163
3385,0,29408
3386,0,22279
3387,0,27559
3388,0,28373
3389,0,21677
3390,0,33765
3391,0,26511
3392,0,23278
3393,0,24210
3394,0,25826
3395,0,31838
3396,0,32660
3397,0,30720
3398,0,27142
3399,0,33257
3400,0,28012
3401,0,26691
3402,0,22096
3403,0,27428
3404,0,16652
3405,0,14408
3406,0,20631
3407,0,26884
3408,0,24678
3409,0,48944
3410,0,21261
3411,0,28680
3412,0,24134
3413,0,24612
3414,0,26599
3415,0,12937
3416,0,10418
3417,0,25548
3418,0,22795
3419,0,25868
3420,0,25406
3421,0,13535
3422,0,14330
3423,0,27181
3424,0,31817
3425,0,22204
3426,0,28286
3427,0,23259
3428,0,20088
3429,0,23051
3430,0,21166
3431,0,26952
3432,0,26078
3433,0,30311
3434,0,20571
3435,0,26694
3436,0,17883
3437,0,11760
3438,0,21308
3439,0,27338
3440,0,19242
3441,0,22911
3442,0,29389
3443,0,22001
3444,0,25116
3445,0,19111
3446,0,22374
3447,0,22911
3448,0,24255
3449,0,24612
3450,0,34471
3451,0,21119
3452,0,33099
3453,0,23628
3454,0,30363
3455,0,25170
3456,0,17686
3457,0,25335
3458,0,12791
3459,0,28520
3460,0,31761
3461,0,29306
3462,0,27039
3463,0,18073
3464,0,17457
3465,0,31605
3466,0,17588
3467,0,26518
3468,0,22902
3469,0,17883
3470,0,23644
3471,0,27720
3472,0,31844
3473,0,28724
3474,0,18013
3475,0,28890
3476,0,25129
3477,0,22345
3478,0,27378
3479,0,15920
3480,0,26252
3481,0,25604
3482,0,24588
3483,0,27682
3484,0,13616
3485,0,27973
3486,0,22791
3487,0,24832
3488,0,23175
3489,0,22422
3490,0,26196
3491,0,33662
3492,0,32743
3493,0,27329
3494,0,13357
3495,0,23245
3496,0,23163
3497,0,19201
3498,0,29580
3499,0,16846
3500,0,23573
3501,0,19146
3502,0,25104
3503,0,23644
3504,0,30091
3505,0,24191
3506,0,21865
3507,0,19486
3508,0,25406
3509,0,20594
3510,0,48674
3511,0,24904
3512,0,34980
3513,0,25112
3514,0,25123
3515,0,29486
3516,0,28012
3517,0,29533
3518,0,27161
3519,0,24112
3520,0,27794
3521,0,29434
3522,0,17140
3523,0,20949
3524,0,22255
3525,0,30028
3526,0,48911
3527,0,29760
3528,0,33662
3529,0,19544
3530,0,27158
3531,0,26705
3532,0,29107
3533,0,19111
3534,0,19465
3535,0,20123
3536,0,19544
3537,0,21436
3538,0,33549
3539,0,26610
3540,0,27900
3541,0,21245
3542,0,23245
3543,0,31838
3544,0,27720
3545,0,27865
3546,0,28943
3547,0,26680
3548,0,22193
3549,0,31774
3550,0,21402
3551,0,31381
3552,0,27124
3553,0,23706
3554,0,13357
3555,0,31644
3556,0,19774
3557,0,31838
3558,0,31271
3559,0,25372
3560,0,24844
3561,0,32032
3562,0,20654
3563,0,23221
3564,0,24122
3565,0,33697
3566,0,34755
3567,0,26158
3568,0,21063
3569,0,10195
3570,0,31838
3571,0,26906
3572,0,25324
3573,0,22743
3574,0,23498
3575,0,27306
3576,0,27468
3577,0,24631
3578,0,18839
3579,0,33662
3580,0,28610
3581,0,27120
3582,0,22660
3583,0,24105
3584,0,20521
3585,0,25120
3586,0,26808
3587,0,26197
3588,0,24057
3589,0,23962
3590,0,25539
3591,0,29095
3592,0,27768
3593,0,18427
3594,0,27281
3595,0,27308
3596,0,26769
3597,0,25276
3598,0,25726
3599,0,31997
3600,0,25028
3601,0,22374
3602,0,22820
3603,0,26589
3604,0,27078
3605,0,22977
3606,0,26769
3607,0,19201
3608,0,34755
3609,0,26882
3610,0,16925
3611,0,22579
3612,0,21983
3613,0,34916
3614,0,31838
3615,0,29095
3616,0,20607
3617,0,31787
3618,0,26705
3619,0,33851
3620,0,23390
3621,0,26354
3622,0,35028
3623,0,22141
3624,0,23962
3625,0,21054
3626,0,25548
3627,0,14168
3628,0,22279
3629,0,21093
3630,0,18523
3631,0,25123
3632,0,23221
3633,0,48546
3634,0,26618
3635,0,19480
3636,0,50205
3637,0,22751
3638,0,29902
3639,0,48723
3640,0,26180
3641,0,24130
3642,0,27074
3643,0,22287
3644,0,23245
3645,0,26882
3646,0,27839
3647,0,26086
3648,0,23706
3649,0,30419
3650,0,25792
3651,0,12243
3652,0,24112
3653,0,20835
3654,0,27998
3655,0,20418
3656,0,28514
3657,0,31139
3658,0,24020
3659,0,31003
3660,0,27120
3661,0,22751
3662,0,27816
3663,0,25604
3664,0,23494
3665,0,24927
3666,0,17811
3667,0,32506
3668,0,31906
3669,0,16304
3670,0,18444
3671,0,25891
3672,0,25104
3673,0,26741
3674,0,33662
3675,0,25548
3676,0,25215
3677,0,22353
3678,0,22374
3679,0,22259
3680,0,10705
3681,0,23077
3682,0,13098
3683,0,26645
3684,0,24255
3685,0,26779
3686,0,24648
3687,0,26010
3688,0,29580
3689,0,33077
3690,0,26410
3691,0,24654
3692,0,12155
3693,0,31447
3694,0,22676
3695,0,19786
3696,0,12791
3697,0,47975
3698,0,21969
3699,0,27530
3700,0,20571
3701,0,26180
3702,0,30875
3703,0,27189
3704,0,20680
3705,0,23915
3706,0,26871
3707,0,29893
3708,0,48014
3709,0,24210
3710,0,24871
3711,0,23755
3712,0,21927
3713,0,13430
3714,0,29865
3715,0,30243
3716,0,17995
3717,0,34506
3718,0,32979
3719,0,32972
3720,0,48036
3721,0,23937
3722,0,25978
3723,0,19991
3724,0,34529
3725,0,34483
3726,0,34910
3727,0,23548
3728,0,20761
3729,0,25324
3730,0,22956
3731,0,21976
3732,0,27692
3733,0,23189
3734,0,23847
3735,0,20457
3736,0,12243
3737,0,33693
3738,0,24638
3739,0,27737
3740,0,31805
3741,0,20158
3742,0,25745
3743,0,18494
3744,0,20120
3745,0,23253
3746,0,30401
3747,0,25108
3748,0,30894
3749,0,25200
3750,0,20233
3751,0,26966
3752,0,23708
3753,0,29473
3754,0,27329
3755,0,24568
3756,0,25538
3757,0,24642
3758,0,28373
3759,0,24575
3760,0,33081
3761,0,23022
3762,0,27194
3763,0,22571
3764,0,21170
3765,0,25108
3766,0,21908
3767,0,26871
3768,0,25604
3769,0,25263
3770,0,12437
3771,0,28948
3772,0,24390
3773,0,25221
3774,0,22242
3775,0,19886
3776,0,27028
3777,0,27979
3778,0,27317
3779,0,24791
3780,0,18257
3781,0,20784
3782,0,18420
3783,0,32949
3784,0,25978
3785,0,29306
3786,0,27692
3787,0,32929
3788,0,27142
3789,0,22368
3790,0,24119
3791,0,26615
3792,0,21370
3793,0,22795
3794,0,21981
3795,0,30742
3796,0,32732
3797,0,30572
3798,0,23766
3799,0,22129
3800,0,37217
3801,0,25562
3802,0,29084
3803,0,23494
3804,0,35028
3805,0,20605
3806,0,19242
3807,0,22137
3808,0,13107
3809,0,28770
3810,0,20162
3811,0,26645
3812,0,23530
3813,0,20468
3814,0,26645
3815,0,26839
3816,0,22242
3817,0,18495
3818,0,30620
3819,0,26118
3820,0,20278
3821,0,20571
3822,0,28116
3823,0,19365
3824,0,7015
3825,0,12072
3826,0,28943
3827,0,27905
3828,0,34369
3829,0,28514
3830,0,20293
3831,0,17781
3832,0,25326
3833,0,9928
3834,0,27674
3835,0,19963
3836,0,26650
3837,0,27281
3838,0,27993
3839,0,48600
3840,0,22644
3841,0,21410
3842,0,17006
3843,0,24122
3844,0,24277
3845,0,28198
3846,0,23769
3847,0,28376
3848,0,18420
3849,0,24999
3850,0,28283
3851,0,21720
3852,0,23051
3853,0,23530
3854,0,24471
3855,0,50192
3856,0,27309
3857,0,29521
3858,0,31148
3859,0,26800
3860,0,28110
3861,0,27039
3862,0,27865
3863,0,23338
3864,0,19537
3865,0,24130
3866,0,24514
3867,0,12243
3868,0,12405
3869,0,24954
3870,0,22345
3871,0,33266
3872,0,26307
3873,0,48677
3874,0,23245
3875,0,23167
3876,0,21720
3877,0,18282
3878,0,23792
3879,0,19425
3880,0,49121
3881,0,22911
3882,0,22956
3883,0,19061
3884,0,27552
3885,0,22204
3886,0,22222
3887,0,19811
3888,0,22817
3889,0,26000
3890,0,33251
3891,0,21709
3892,0,25307
3893,0,21762
3894,0,20585
3895,0,29095
3896,0,20162
3897,0,13584
3898,0,30311
3899,0,18942
3900,0,48541
3901,0,25108
3902,0,19803
3903,0,19421
3904,0,30091
3905,0,9995
3906,0,19803
3907,0,21983
3908,0,31454
3909,0,23865
3910,0,28809
3911,0,50192
3912,0,20761
3913,0,22406
3914,0,26862
3915,0,27328
3916,0,32321
3917,0,22406
3918,0,18298
3919,0,20468
3920,0,20158
3921,0,9390
3922,0,20594
3923,0,48036
3924,0,27716
3925,0,24043
3926,0,27605
3927,0,17887
3928,0,19273
3929,0,26834
3930,0,27900
3931,0,21170
3932,0,10407
3933,0,24168
3934,0,26610
3935,0,27019
3936,0,18265
3937,0,22179
3938,0,23588
3939,0,25751
3940,0,29084
3941,0,24631
3942,0,25249
3943,0,21458
3944,0,19236
3945,0,23369
3946,0,27142
3947,0,19726
3948,0,23684
3949,0,21963
3950,0,33662
3951,0,33713
3952,0,19195
3953,0,20521
3954,0,25419
3955,0,33811
3956,0,23318
3957,0,24315
3958,0,24934
3959,0,27338
3960,0,26596
3961,0,29437
3962,0,24996
3963,0,23508
3964,0,19252
3965,0,16206
3966,0,11129
3967,0,28692
3968,0,25601
3969,0,26456
3970,0,27716
3971,0,34369
3972,0,48557
3973,0,26691
3974,0,25548
3975,0,29269
3976,0,22137
3977,0,25372
3978,0,25792
3979,0,26933
3980,0,20896
3981,0,33549
3982,0,25263
3983,0,34212
3984,0,31641
3985,0,25580
3986,0,25190
3987,0,11137
3988,0,26701
3989,0,28514
3990,0,34307
3991,0,27865
3992,0,21261
3993,0,34380
3994,0,18918
3995,0,28963
3996,0,26338
3997,0,26197
3998,0,26596
3999,0,21093
4000,0,25714
4001,0,32032
4002,0,24788
4003,0,31688
4004,0,28376
4005,0,30342
4006,0,29377
4007,0,21762
4008,0,19465
4009,0,21094
4010,0,32321
4011,0,25406
4012,0,16824
4013,0,21677
4014,0,18495
4015,0,19869
4016,0,10198
4017,0,25659
4018,0,24044
4019,0,24262
4020,0,27113
4021,0,13058
4022,0,19803
4023,0,25601
4024,0,22782
4025,0,24066
4026,0,23519
4027,0,29263
4028,0,21911
4029,0,19217
4030,0,10414
4031,0,15981
4032,0,32171
4033,0,19111
4034,0,25978
4035,0,23530
4036,0,49077
4037,0,27266
4038,0,20106
4039,0,27144
4040,0,21436
4041,0,20353
4042,0,25452
4043,0,25123
4044,0,25164
4045,0,22252
4046,0,21720
4047,0,27338
4048,0,22826
4049,0,27317
4050,0,19447
4051,0,13543
4052,0,27530
4053,0,35121
4054,0,29095
4055,0,19871
4056,0,22507
4057,0,19533
4058,0,19869
4059,0,13442
4060,0,48944
4061,0,25752
4062,0,30463
4063,0,22795
4064,0,13543
4065,0,19914
4066,0,23487
4067,0,31844
4068,0,23653
4069,0,11137
4070,0,31464
4071,0,20120
4072,0,33846
4073,0,48674
4074,0,18447
4075,0,27816
4076,0,30385
4077,0,27794
4078,0,26856
4079,0,30359
4080,0,21869
4081,0,25153
4082,0,26401
4083,0,32321
4084,0,30678
4085,0,27032
4086,0,35028
4087,0,24791
4088,0,27979
4089,0,22193
4090,0,19312
4091,0,29903
4092,0,26393
4093,0,19910
4094,0,27181
4095,0,26143
4096,0,19784
4097,0,23022
4098,0,24970
4099,0,25334
4100,0,33583
4101,0,27383
4102,0,20233
4103,0,26401
4104,0,26610
4105,0,24776
4106,0,19239
4107,0,27152
4108,0,25164
4109,0,23415
4110,0,27403
4111,0,18256
4112,0,29430
4113,0,26308
4114,0,16871
4115,0,19996
4116,0,13297
4117,0,27654
4118,0,31641
4119,0,22317
4120,0,33348
4121,0,27410
4122,0,24122
4123,0,23708
4124,0,22956
4125,0,20158
4126,0,22977
4127,0,34243
4128,0,19465
4129,0,25548
4130,0,12791
4131,0,20985
4132,0,12243
4133,0,25324
4134,0,31865
4135,0,19266
4136,0,14349
4137,0,29714
4138,0,27622
4139,0,24575
4140,0,22483
4141,0,27765
4142,0,18262
4143,0,30243
4144,0,30321
4145,0,19015
4146,0,30091
4147,0,31346
4148,0,34048
4149,0,20393
4150,0,30210
4151,0,24049
4152,0,13357
4153,0,20353
4154,0,23508
4155,0,22236
4156,0,27428
4157,0,28826
4158,0,26378
4159,0,30678
4160,0,27142
4161,0,32976
4162,0,29903
4163,0,33081
4164,0,24927
4165,0,26856
4166,0,19675
4167,0,31656
4168,0,27729
4169,0,16214
4170,0,25601
4171,0,19758
4172,0,17011
4173,0,25845
4174,0,19338
4175,0,20158
4176,0,21067
4177,0,16140
4178,0,21094
4179,0,30031
4180,0,27039
4181,0,25225
4182,0,23338
4183,0,27181
4184,0,20217
4185,0,28898
4186,0,18913
4187,0,27410
4188,0,16885
4189,0,19774
4190,0,16765
4191,0,19201
4192,0,23894
4193,0,30881
4194,0,31688
4195,0,30174
4196,0,21309
4197,0,26361
4198,0,31464
4199,0,22911
4200,0,25815
4201,0,29784
4202,0,34447
4203,0,10064
4204,0,31568
4205,0,24166
4206,0,24575
4207,0,16871
4208,0,25447
4209,0,27391
4210,0,25548
4211,0,27410
4212,0,21969
4213,0,31838
4214,0,26405
4215,0,29714
4216,0,25978
4217,0,19770
4218,0,26650
4219,0,22583
4220,0,25984
4221,0,19939
4222,0,19475
4223,0,25294
4224,0,20626
4225,0,13886
4226,0,31570
4227,0,21142
4228,0,23604
4229,0,27816
4230,0,23564
4231,0,22222
4232,0,26621
4233,0,22890
4234,0,18059
4235,0,22259
4236,0,19963
4237,0,21254
4238,0,29897
4239,0,30259
4240,0,31656
4241,0,29163
4242,0,24904
4243,0,33371
4244,0,25757
4245,0,20770
4246,0,28467
4247,0,22787
4248,0,29508
4249,0,33679
4250,0,12701
4251,0,25249
4252,0,26208
4253,0,31978
4254,0,24168
4255,0,25756
4256,0,26378
4257,0,24282
4258,0,17769
4259,0,31222
4260,0,21908
4261,0,23564
4262,0,23706
4263,0,23555
4264,0,21116
4265,0,30243
4266,0,27622
4267,0,12124
4268,0,47865
4269,0,31855
4270,0,50205
4271,0,29876
4272,0,25659
4273,0,28724
4274,0,28963
4275,0,31595
4276,0,25875
4277,0,22787
4278,0,25942
4279,0,22275
4280,0,24112
4281,0,17345
4282,0,24791
4283,0,18020
4284,0,26906
4285,0,26021
4286,0,26498
4287,0,27515
4288,0,18870
4289,0,20615
4290,0,28955
4291,0,15358
4292,0,19273
4293,0,16196
4294,0,26925
4295,0,16922
4296,0,15780
4297,0,31761
4298,0,27905
4299,0,23304
4300,0,28198
4301,0,22159
4302,0,27124
4303,0,23792
4304,0,20525
4305,0,18942
4306,0,19347
4307,0,28520
4308,0,48036
4309,0,25215
4310,0,17801
4311,0,33182
4312,0,31622
4313,0,29580
4314,0,30718
4315,0,27142
4316,0,30278
4317,0,19918
4318,0,12642
4319,0,25548
4320,0,21797
4321,0,48014
4322,0,21124
4323,0,22146
4324,0,25123
4325,0,11162
4326,0,21872
4327,0,31838
4328,0,10013
4329,0,18265
4330,0,26307
4331,0,21872
4332,0,47999
4333,0,48641
4334,0,24150
4335,0,22911
4336,0,19803
4337,0,18494
4338,0,48541
4339,0,48683
4340,0,33247
4341,0,21144
4342,0,33247
4343,0,29652
4344,0,24927
4345,0,21417
4346,0,28955
4347,0,25324
4348,0,26526
4349,0,26140
4350,0,27391
4351,0,20020
4352,0,22593
4353,0,49463
4354,0,25810
4355,0,28978
4356,0,20259
4357,0,26912
4358,0,26277
4359,0,33583
4360,0,13584
4361,0,30412
4362,0,26800
4363,0,23870
4364,0,26739
4365,0,30069
4366,0,28144
4367,0,26787
4368,0,23548
4369,0,25659
4370,0,30135
4371,0,26086
4372,0,30078
4373,0,26682
4374,0,27542
4375,0,25659
4376,0,21378
4377,0,23236
4378,0,27194
4379,0,24487
4380,0,33081
4381,0,19111
4382,0,21822
4383,0,19582
4384,0,22891
4385,0,31622
4386,0,20532
4387,0,24262
4388,0,30506
4389,0,27120
4390,0,25094
4391,0,22787
4392,0,10064
4393,0,31220
4394,0,26252
4395,0,26405
4396,0,27542
4397,0,24569
4398,0,30717
4399,0,32368
4400,0,28181
4401,0,27417
4402,0,25324
4403,0,25868
4404,0,21063
4405,0,31716
4406,0,20446
4407,0,23221
4408,0,23519
4409,0,19923
4410,0,27542
4411,0,12243
4412,0,31838
4413,0,33662
4414,0,27865
4415,0,28110
4416,0,23626
4417,0,22242
4418,0,24575
4419,0,26717
4420,0,31622
4421,0,12243
4422,0,20447
4423,0,20521
4424,0,33940
4425,0,20516
4426,0,29801
4427,0,20516
4428,0,27124
4429,0,26063
4430,0,29652
4431,0,25495
4432,0,25457
4433,0,18420
4434,0,24642
4435,0,24642
4436,0,25164
4437,0,29285
4438,0,25845
4439,0,23792
4440,0,32345
4441,0,29714
4442,0,23766
4443,0,21122
4444,0,27002
4445,0,22246
4446,0,21478
4447,0,26649
4448,0,31331
4449,0,19774
4450,0,29216
4451,0,28373
4452,0,20158
4453,0,18963
4454,0,26370
4455,0,16036
4456,0,27002
4457,0,24788
4458,0,27410
4459,0,23574
4460,0,23915
4461,0,26082
4462,0,23734
4463,0,26208
4464,0,13584
4465,0,23626
4466,0,33821
4467,0,12588
4468,0,35018
4469,0,27555
4470,0,23221
4471,0,27692
4472,0,26948
4473,0,26472
4474,0,47311
4475,0,23653
4476,0,31243
4477,0,22141
4478,0,21991
4479,0,20199
4480,0,20091
4481,0,24514
4482,0,25307
4483,0,31838
4484,0,48944
4485,0,27783
4486,0,25612
4487,0,30951
4488,0,29904
4489,0,25792
4490,0,26925
4491,0,26645
4492,0,17240
4493,0,26618
4494,0,33662
4495,0,24138
4496,0,22604
4497,0,33998
4498,0,21402
4499,0,19920
4500,0,33214
4501,0,32040
4502,0,29306
4503,0,23766
4504,0,33693
4505,0,26285
4506,0,21793
4507,0,27537
4508,0,27965
4509,0,24210
4510,0,20680
4511,0,24642
4512,0,24757
4513,0,23163
4514,0,25215
4515,0,21380
4516,0,26474
4517,0,16086
4518,0,48557
4519,0,28520
4520,0,12072
4521,0,30685
4522,0,19475
4523,0,29451
4524,0,29760
4525,0,23301
4526,0,26601
4527,0,19252
4528,0,27624
4529,0,20717
4530,0,26405
4531,0,30311
4532,0,22353
4533,0,27403
4534,0,25116
4535,0,20835
4536,0,26610
4537,0,12791
4538,0,30484
4539,0,12791
4540,0,27338
4541,0,23498
4542,0,27134
4543,0,27428
4544,0,22551
4545,0,22345
4546,0,23446
4547,0,19365
4548,0,21458
4549,0,26026
4550,0,26526
4551,0,34980
4552,0,27159
4553,0,33662
4554,0,21966
4555,0,20638
4556,0,25302
4557,0,33679
4558,0,20393
4559,0,13827
4560,0,22575
4561,0,25028
4562,0,34713
4563,0,28963
4564,0,20680
4565,0,30120
4566,0,25621
4567,0,14168
4568,0,25190
4569,0,31865
4570,0,19920
4571,0,24527
4572,0,17578
4573,0,19939
4574,0,26596
4575,0,25028
4576,0,34980
4577,0,25178
4578,0,18774
4579,0,18528
4580,0,26769
4581,0,22193
4582,0,31243
4583,0,25548
4584,0,24967
4585,0,18089
4586,0,27629
4587,0,29410
4588,0,28520
4589,0,34427
4590,0,20370
4591,0,19758
4592,0,30439
4593,0,32019
4594,0,22137
4595,0,31958
4596,0,26118
4597,0,25338
4598,0,19557
4599,0,48944
4600,0,30078
4601,0,16222
4602,0,28373
4603,0,27167
4604,0,33187
4605,0,20818
4606,0,30894
4607,0,25153
4608,0,22623
4609,0,24341
4610,0,22345
4611,0,25659
4612,0,16765
4613,0,34910
4614,0,29784
4615,0,27163
4616,0,23865
4617,0,25525
4618,0,19417
4619,0,25699
4620,0,39432
4621,0,25604
4622,0,17130
4623,0,22751
4624,0,24210
4625,0,33840
4626,0,24954
4627,0,23573
4628,0,12642
4629,0,27120
4630,0,17641
4631,0,34543
4632,0,33820
4633,0,15792
4634,0,26636
4635,0,25178
4636,0,25334
4637,0,26912
4638,0,30098
4639,0,27998
4640,0,33868
4641,0,48005
4642,0,20228
4643,0,22193
4644,0,23253
4645,0,24066
4646,0,20281
4647,0,27383
4648,0,29104
4649,0,30672
4650,0,26966
4651,0,19338
4652,0,28610
4653,0,19920
4654,0,23209
4655,0,30401
4656,0,21147
4657,0,22913
4658,0,19147
4659,0,35534
4660,0,28174
4661,0,19417
4662,0,28144
4663,0,48014
4664,0,18718
4665,0,50037
4666,0,12791
4667,0,29291
4668,0,28228
4669,0,13269
4670,0,31605
4671,0,21063
4672,0,31095
4673,0,26925
4674,0,25005
4675,0,32701
4676,0,15428
4677,0,26318
4678,0,48665
4679,0,29714
4680,0,27692
4681,0,13593
4682,0,30401
4683,0,16140
4684,0,30259
4685,0,21309
4686,0,21918
4687,0,32946
4688,0,19129
4689,0,19642
4690,0,9180
4691,0,25452
4692,0,22724
4693,0,16654
4694,0,25200
4695,0,20521
4696,0,26086
4697,0,22193
4698,0,22466
4699,0,22813
4700,0,22931
4701,0,29002
4702,0,24168
4703,0,26899
4704,0,25601
4705,0,24224
4706,0,26227
4707,0,26369
4708,0,24487
4709,0,23663
4710,0,30308
4711,0,9026
4712,0,21230
4713,0,48036
4714,0,18386
4715,0,26782
4716,0,24956
4717,0,22891
4718,0,26645
4719,0,22787
4720,0,25893
4721,0,27142
4722,0,31838
4723,0,21793
4724,0,25538
4725,0,21416
4726,0,24547
4727,0,26221
4728,0,12124
4729,0,25319
4730,0,29419
4731,0,25035
4732,0,23948
4733,0,23644
4734,0,27716
4735,0,23253
4736,0,26650
4737,0,23684
4738,0,26628
4739,0,13108
4740,0,27707
4741,0,26615
4742,0,35104
4743,0,16008
4744,0,13416
4745,0,22279
4746,0,22782
4747,0,22707
4748,0,26699
4749,0,19770
4750,0,35104
4751,0,28783
4752,0,27317
4753,0,21374
4754,0,22466
4755,0,18262
4756,0,19494
4757,0,32171
4758,0,26862
4759,0,27410
4760,0,31243
4761,0,20764
4762,0,27707
4763,0,26808
4764,0,19770
4765,0,18420
4766,0,27019
4767,0,27816
4768,0,24500
4769,0,27998
4770,0,21853
4771,0,21925
4772,0,28854
4773,0,29533
4774,0,26086
4775,0,33662
4776,0,19338
4777,0,19421
4778,0,29910
4779,0,28190
4780,0,19675
4781,0,29934
4782,0,20633
4783,0,26166
4784,0,20123
4785,0,26086
4786,0,32878
4787,0,29848
4788,0,24588
4789,0,22345
4790,0,25974
4791,0,27521
4792,0,18917
4793,0,22826
4794,0,25406
4795,0,29377
4796,0,32305
4797,0,22749
4798,0,24191
4799,0,27078
4800,0,23895
4801,0,25784
4802,0,22193
4803,0,25249
4804,0,27383
4805,0,27780
4806,0,20239
4807,0,26876
4808,0,20046
4809,0,23494
4810,0,31200
4811,0,29913
4812,0,10926
4813,0,24999
4814,0,24130
4815,0,11772
4816,0,13543
4817,0,30363
4818,0,27802
4819,0,17827
4820,0,20764
4821,0,24927
4822,0,26942
4823,0,12791
4824,0,21245
4825,0,21972
4826,0,24020
4827,0,21966
4828,0,22749
4829,0,28188
4830,0,25324
4831,0,23043
4832,0,18069
4833,0,27783
4834,0,20120
4835,0,25604
4836,0,26252
4837,0,23663
4838,0,28558
4839,0,26906
4840,0,10055
4841,0,8907
4842,0,30894
4843,0,31038
4844,0,29084
4845,0,26158
4846,0,16884
4847,0,26308
4848,0,17572
4849,0,19344
4850,0,27181
4851,0,29967
4852,0,12791
4853,0,24600
4854,0,23338
4855,0,20753
4856,0,17578
4857,0,20507
4858,0,19111
4859,0,19347
4860,0,27564
4861,0,24040
4862,0,25104
4863,0,23415
4864,0,33704
4865,0,29181
4866,0,21429
4867,0,21608
4868,0,25539
4869,0,17260
4870,0,23329
4871,0,31429
4872,0,25548
4873,0,27090
4874,0,24654
4875,0,20607
4876,0,12243
4877,0,23915
4878,0,15597
4879,0,32929
4880,0,18059
4881,0,27181
4882,0,28334
4883,0,48723
4884,0,24119
4885,0,22363
4886,0,33266
4887,0,21166
4888,0,20818
4889,0,24055
4890,0,27564
4891,0,19695
4892,0,26166
4893,0,34916
4894,0,19015
4895,0,24020
4896,0,25845
4897,0,27948
4898,0,31010
4899,0,27629
4900,0,19201
4901,0,34117
4902,0,27371
4903,0,50622
4904,0,36561
4905,0,24816
4906,0,30572
4907,0,31473
4908,0,23607
4909,0,20228
4910,0,27441
4911,0,19111
4912,0,28610
4913,0,34098
4914,0,20680
4915,0,27998
4916,0,21729
4917,0,29117
4918,0,19273
4919,0,27515
4920,0,31038
4921,0,21337
4922,0,25094
4923,0,24315
4924,0,24648
4925,0,28073
4926,0,20532
4927,0,25984
4928,0,28190
4929,0,24999
4930,0,23898
4931,0,32946
4932,0,33266
4933,0,24168
4934,0,21378
4935,0,26180
4936,0,27542
4937,0,23663
4938,0,21474
4939,0,23653
4940,0,33052
4941,0,29486
4942,0,24611
4943,0,27002
4944,0,26355
4945,0,27158
4946,0,30479
4947,0,29028
4948,0,24871
4949,0,20463
4950,0,19111
4951,0,27194
4952,0,25815
4953,0,22440
4954,0,29216
4955,0,26308
4956,0,22791
4957,0,27308
4958,0,23582
4959,0,18804
4960,0,24341
4961,0,29754
4962,0,31230
4963,0,31424
4964,0,20120
4965,0,19786
4966,0,29104
4967,0,25978
4968,0,22343
4969,0,29984
4970,0,22869
4971,0,28680
4972,0,22483
4973,0,35210
4974,0,26701
4975,0,15604
4976,0,18420
4977,0,27355
4978,0,28144
4979,0,26662
4980,0,27039
4981,0,22422
4982,0,28907
4983,0,30308
4984,0,32979
4985,0,26933
4986,0,20123
4987,0,27266
4988,0,10473
4989,0,11137
4990,0,29652
4991,0,25164
4992,0,24142
4993,0,26086
4994,0,20770
4995,0,24215
4996,0,16646
4997,0,19991
4998,0,19546
4999,0,22406
5000,0,25726
