RID,T-06:00:00,ORIGIN,DESTINATION,TRIP_LENGTH
1,0,39984,39395,2741
2,0,12948,12243,1631
3,0,12069,23489,10782
4,0,13022,12791,2011
5,0,12405,12791,3451
6,0,26808,23524,3039
7,0,21378,30332,6957
8,0,50161,30506,2795
9,0,12072,6198,11177
10,0,13416,22483,9594
11,0,23487,23524,4803
12,0,22575,24209,2926
13,0,33693,33662,1128
14,0,14265,12155,8458
15,0,24816,25104,608
16,0,24816,34518,8836
17,0,24414,25942,4330
18,0,15493,12155,9726
19,0,32602,33662,2354
20,0,20605,21959,1169
21,0,21959,30091,6241
22,0,19963,20123,908
23,0,24804,23788,3482
24,0,17914,12791,10625
25,0,34317,32184,3725
26,0,31605,29341,2932
27,0,30720,34052,4171
28,0,28185,24493,3632
29,0,26143,27477,2388
30,0,35104,35522,1297
31,0,27783,30311,3379
32,0,21487,22236,1006
33,0,31870,33081,1612
34,0,31870,31865,331
35,0,27338,27317,263
36,0,33214,22749,8152
37,0,33061,27329,5138
38,0,26275,29714,3514
39,0,24191,20144,6137
40,0,30439,32184,1801
41,0,18451,12243,13178
42,0,19770,15499,6052
43,0,48036,17154,5503
44,0,13593,7611,7160
45,0,28012,25406,2130
46,0,10012,8806,1399
47,0,19996,20235,1540
48,0,29291,30243,1229
49,0,25249,19963,5519
50,0,50483,20764,15796
51,0,9709,20764,14552
52,0,33081,32947,77
53,0,31838,21966,8203
54,0,31838,49728,882
55,0,30678,34193,4558
56,0,38775,37207,2201
57,0,21124,22563,3241
58,0,19803,31168,9115
59,0,19347,25447,4738
60,0,11205,20764,12470
61,0,18215,19273,1247
62,0,23555,23616,372
63,0,29871,30867,1253
64,0,30951,31179,269
65,0,23832,26942,4920
66,0,34483,19252,13904
67,0,31407,34117,5887
68,0,23232,20764,7138
69,0,27720,22583,6411
70,0,26701,22141,3968
71,0,30250,30520,444
72,0,49484,29934,918
73,0,27281,28637,4380
74,0,25604,29652,3756
75,0,29269,49726,3436
76,0,16668,16425,204
77,0,27707,22137,4599
78,0,21166,26933,6199
79,0,28776,20764,8772
80,0,33135,32663,562
81,0,24588,26564,2244
82,0,17835,20764,5996
83,0,30576,32332,2840
84,0,49306,20764,7995
85,1,12155,32184,23132
86,1,14015,13747,163
87,1,12642,12405,3190
88,1,47594,13949,748
89,1,13960,12243,2894
90,1,13019,12243,941
91,1,20088,12243,9587
92,1,28743,12791,16884
93,1,18911,20020,2748
94,1,22353,19582,3147
95,1,21720,33662,9752
96,1,13442,14104,7200
97,1,13442,12791,6839
98,1,32998,30499,7001
99,1,13416,12791,6807
100,1,31716,12243,19856
101,1,14265,12791,6265
102,1,23534,21812,2026
103,1,28523,30091,1398
104,1,30308,33998,5660
105,1,23338,18899,6965
106,1,24224,24028,697
107,1,23498,24122,1090
108,1,38437,36650,8476
109,1,22188,12243,13809
110,1,34228,34713,8828
111,1,22374,25538,2378
112,1,31193,18447,10650
113,1,19239,21945,3936
114,1,17356,12791,9500
115,1,19963,21171,1468
116,1,20761,19963,1078
117,1,27905,27124,852
118,1,23167,26508,3559
119,1,30243,31208,2409
120,1,24066,22936,2083
121,1,6614,6724,456
122,1,28813,23508,4554
123,1,27317,26596,3763
124,1,38148,37761,655
125,1,27338,24611,2793
126,1,31865,22193,10492
127,1,30439,23788,5450
128,1,24913,25406,534
129,1,32615,31838,1135
130,1,48036,12243,12471
131,1,19332,12791,12320
132,1,30439,29784,4085
133,1,19332,19871,2053
134,1,18451,12791,12820
135,1,18451,12243,13178
136,1,48036,12791,12113
137,1,18451,12791,12820
138,1,24191,24981,703
139,1,10012,10064,540
140,1,35187,20764,16858
141,1,31844,30028,3541
142,1,17781,12243,12663
143,1,26474,31838,4327
144,1,27078,31838,3663
145,1,25699,12243,16914
146,1,25885,23788,1909
147,1,25885,24308,2170
148,1,18230,29408,10086
149,1,31838,27518,7336
150,1,30015,31838,1189
151,1,23788,23318,335
152,1,23788,24069,288
153,1,25668,12791,17294
154,1,49728,31126,1783
155,1,50012,34437,3987
156,1,28742,29992,3554
157,1,25823,25601,220
158,1,29871,32184,2175
159,1,27315,28272,2108
160,1,31644,33209,1484
161,1,28005,33864,5077
162,1,28005,28857,1422
163,1,32969,30816,3282
164,1,20532,13022,14666
165,1,29934,29443,529
166,1,17807,17345,624
167,1,28073,29754,2252
168,1,23092,22448,3830
169,1,23092,21337,5352
170,1,49077,26000,599
171,1,35367,31838,5880
172,1,34597,20764,14600
173,1,38695,38665,716
174,1,19586,15522,12243
175,1,32791,20764,11363
176,1,17370,34437,18685
177,1,13264,18528,7092
178,2,29876,26963,5377
179,2,45496,39505,19986
180,2,12937,12791,174
181,2,12946,12243,1439
182,2,47511,13949,2258
183,2,36169,36373,572
184,2,18398,12791,9152
185,2,12788,12243,2517
186,2,36377,37628,12455
187,2,13022,12155,4203
188,2,12405,12243,3097
189,2,20654,19582,1564
190,2,27865,25462,3177
191,2,21720,22749,8039
192,2,25324,29541,7973
193,2,24055,29676,10646
194,2,22122,22454,754
195,2,34098,33662,2457
196,2,19765,25699,7796
197,2,21170,19111,7458
198,2,24788,27780,4176
199,2,18718,12243,10126
200,2,15944,12791,7958
201,2,13374,12791,7555
202,2,47640,12243,9132
203,2,16887,12791,8130
204,2,32738,33635,948
205,2,27194,24844,6673
206,2,29104,29984,2452
207,2,25788,14194,15764
208,2,26197,29638,2686
209,2,33635,33754,567
210,2,23530,31467,5953
211,2,19546,14104,11263
212,2,31636,38665,14364
213,2,18282,12243,10626
214,2,25413,23198,2425
215,2,24757,32184,6083
216,2,27914,31838,3407
217,2,18427,12243,12312
218,2,28813,25918,2473
219,2,25940,26452,1004
220,2,30825,30243,935
221,2,23847,22047,1335
222,2,30439,22259,7577
223,2,19770,48337,2154
224,2,19332,12791,12320
225,2,47998,12791,12005
226,2,18439,12243,13117
227,2,28012,23792,3764
228,2,25108,25249,147
229,2,33943,27062,6136
230,2,25447,25699,359
231,2,25612,26318,2576
232,2,9186,12791,14441
233,2,30015,32214,1565
234,2,31838,25395,6325
235,2,31220,32184,745
236,2,48541,48324,341
237,2,23552,22749,1828
238,2,20235,18444,12318
239,2,25524,26720,3874
240,2,33960,33180,3387
241,2,23582,24642,1207
242,2,28857,33619,4536
243,2,18839,12791,15253
244,2,26361,28207,4217
245,2,33655,35537,5476
246,2,21677,12791,17825
247,2,49912,12243,22895
248,2,16668,20764,7402
249,2,48774,27202,3131
250,2,23308,29871,6238
251,2,30419,31089,435
252,2,26760,49985,4237
253,2,25652,18073,6715
254,2,18457,15701,4252
255,2,30048,30210,1318
256,2,31990,30352,3461
257,2,50247,20764,13594
258,2,20680,17104,5926
259,2,17704,14397,3792
260,2,27156,26782,2490
261,2,14397,17769,11684
262,3,23677,27131,5521
263,3,30316,29231,3611
264,3,15417,12155,8486
265,3,27682,26999,637
266,3,12788,12791,2871
267,3,38295,35739,5095
268,3,13022,12243,2368
269,3,27028,12243,15942
270,3,12798,12791,4779
271,3,27812,12791,17632
272,3,32998,35494,7174
273,3,26738,27576,2087
274,3,13624,13269,4090
275,3,22813,22575,229
276,3,24816,27317,5675
277,3,24816,34419,11867
278,3,33266,34916,5086
279,3,22331,19183,3857
280,3,29784,23198,4945
281,3,39845,39445,1544
282,3,27542,29903,2181
283,3,17459,15428,1981
284,3,29508,30091,655
285,3,30718,34212,5562
286,3,31467,32118,721
287,3,16958,25942,8391
288,3,29290,29684,542
289,3,18036,12791,9258
290,3,21171,15780,5050
291,3,19963,21261,2166
292,3,29714,26596,2769
293,3,31742,33693,3649
294,3,21107,17356,4793
295,3,20447,20463,3020
296,3,18468,23221,4817
297,3,27306,30091,3330
298,3,20784,12791,13323
299,3,12978,10407,4472
300,3,25942,23582,3755
301,3,34437,35275,2454
302,3,24066,24415,4003
303,3,24066,23788,1614
304,3,18427,12791,11954
305,3,48299,20160,646
306,3,24971,27338,2309
307,3,25215,12791,16095
308,3,13028,16597,2824
309,3,47313,16287,3111
310,3,30620,32184,1110
311,3,31838,32184,261
312,3,25984,24642,2089
313,3,25094,19242,6799
314,3,49728,18943,11780
315,3,23315,23402,168
316,3,34193,34066,369
317,3,20546,22193,5514
318,3,24999,20680,7909
319,3,16849,20764,7545
320,3,23832,22911,772
321,3,20525,21797,1100
322,3,23930,21122,3084
323,3,18073,12791,15393
324,3,27720,33085,4762
325,3,24642,23582,1207
326,3,17807,19111,1811
327,3,26701,24642,2299
328,3,18104,18063,1744
329,3,29269,25164,3384
330,3,17240,21093,4960
331,3,22972,31844,9086
332,3,16036,13661,2768
333,3,20009,20764,5611
334,3,32791,31838,11171
335,3,21783,22193,7157
336,3,12101,16425,8893
337,4,42591,37943,11367
338,4,12243,12155,2283
339,4,19681,26795,10496
340,4,12946,14104,1263
341,4,18398,22379,4067
342,4,13022,12791,2011
343,4,13022,12243,2368
344,4,13189,12791,4429
345,4,23965,24197,1409
346,4,17462,18444,859
347,4,12588,12642,3735
348,4,30931,33662,2566
349,4,25324,20619,13388
350,4,18257,23788,9933
351,4,21720,22869,1665
352,4,13442,12791,6839
353,4,25170,23508,5883
354,4,19916,16624,10751
355,4,23644,33662,8515
356,4,19557,23487,3632
357,4,20305,29061,9485
358,4,35534,37310,3668
359,4,19297,19582,5997
360,4,14421,18495,7317
361,4,23077,20123,3922
362,4,33266,34432,3880
363,4,28434,28801,352
364,4,30091,30672,451
365,4,21959,36130,16065
366,4,10931,10705,235
367,4,15780,12791,8330
368,4,31032,31742,1267
369,4,19239,25601,7483
370,4,34458,33153,1859
371,4,47881,10327,19509
372,4,23198,21872,2098
373,4,30028,33662,4417
374,4,22899,25699,3802
375,4,23393,23788,3515
376,4,16985,18802,4868
377,4,16981,20764,11758
378,4,38134,38513,1345
379,4,26401,25539,2698
380,4,21458,21474,246
381,4,23508,12791,14634
382,4,23508,23792,200
383,4,24358,29095,4212
384,4,48014,18173,3093
385,4,24066,22287,1491
386,4,18105,33266,13405
387,4,33348,20607,9830
388,4,33061,32947,580
389,4,28012,20123,7318
390,4,27078,26311,2087
391,4,30015,31838,1189
392,4,31844,26699,4992
393,4,23851,25907,3727
394,4,37381,44917,19340
395,4,27090,29767,2369
396,4,23870,22137,2306
397,4,30182,29652,769
398,4,49728,28167,6738
399,4,49728,26650,5454
400,4,29871,29652,310
401,4,49424,49122,2689
402,4,24999,22193,4867
403,4,16849,10684,7533
404,4,32969,34483,1989
405,4,48636,20264,1081
406,4,15920,18089,3866
407,4,23395,24049,534
408,4,21293,34713,11273
409,4,49484,31241,2002
410,4,30520,31838,3388
411,4,20335,18699,3056
412,4,28885,31222,8107
413,4,27115,18396,7476
414,4,35367,32184,5695
415,4,25164,31838,7060
416,4,21284,18206,5221
417,4,18089,22749,7766
418,4,23604,21295,4496
419,4,25752,29756,4203
420,4,21337,21848,2291
421,4,18528,31456,17702
422,4,31874,18519,10623
423,4,39516,38665,13674
424,5,10832,17848,7623
425,5,11870,14916,2529
426,5,28357,30902,5492
427,5,30166,20764,21567
428,5,22379,27317,12524
429,5,12777,14194,2622
430,5,41193,41697,1232
431,5,34916,30705,7323
432,5,49024,34924,10059
433,5,27568,12791,16556
434,5,24232,17459,8205
435,5,10204,27682,16225
436,5,28756,12155,18173
437,5,29075,29336,727
438,5,33998,32285,14832
439,5,12913,12791,5400
440,5,26694,26714,432
441,5,31787,33662,1800
442,5,24816,31471,9233
443,5,15390,12791,7725
444,5,18013,33960,14644
445,5,32118,23706,7446
446,5,21959,48674,564
447,5,24600,22242,6402
448,5,29508,12155,20731
449,5,18085,20680,12389
450,5,31208,30311,1240
451,5,21063,30091,7593
452,5,23198,22749,3219
453,5,23393,23788,3515
454,5,35128,20764,17787
455,5,20770,20780,792
456,5,22001,19690,2419
457,5,33679,26767,5961
458,5,31958,32184,2023
459,5,23273,12791,14239
460,5,25035,12791,15067
461,5,26691,48557,5951
462,5,24066,19332,3876
463,5,16998,32184,12542
464,5,31870,34170,2676
465,5,11781,14194,12448
466,5,25940,25406,786
467,5,30439,31838,1597
468,5,24493,23706,931
469,5,24138,23152,1151
470,5,34760,31958,4111
471,5,32116,29508,4750
472,5,26284,24191,2107
473,5,28900,30484,2589
474,5,47319,12791,11905
475,5,31838,26650,5554
476,5,17057,12791,12547
477,5,23851,12791,16491
478,5,23851,19582,11856
479,5,18495,12791,13668
480,5,21122,24999,3447
481,5,15400,11137,5508
482,5,26027,25779,993
483,5,25548,25826,1280
484,5,27993,32184,3499
485,5,22242,26575,3959
486,5,25123,26010,808
487,5,31774,31771,210
488,5,27161,29902,2442
489,5,31641,23604,8939
490,5,22563,19686,2774
491,5,22911,26814,3839
492,5,25792,25575,422
493,5,19465,17646,4364
494,5,23832,22287,4238
495,5,20120,12791,16159
496,5,29252,25601,3997
497,5,27720,12243,20744
498,5,20532,23205,2388
499,5,25726,22749,4959
500,5,22913,17960,6507
501,5,25604,26318,1609
502,5,22440,27455,4030
503,5,49148,26650,2018
504,5,26340,23604,5082
505,5,19674,23870,6981
506,5,27716,28830,902
507,5,21983,22204,4781
508,5,24776,27672,13711
509,5,21925,26612,4080
510,5,14947,17910,3500
511,5,40649,27856,20683
512,6,36194,36561,22453
513,6,12243,25767,19186
514,6,12642,12791,261
515,6,13839,13747,162
516,6,13019,12791,583
517,6,12946,12791,1081
518,6,12948,12791,1273
519,6,34916,25918,11639
520,6,26775,12791,16842
521,6,22869,18155,5218
522,6,35739,29282,11890
523,6,24210,25279,1021
524,6,18256,29972,10180
525,6,12913,12155,6435
526,6,32317,32946,1297
527,6,13442,12243,6485
528,6,26738,21822,4691
529,6,13084,26526,13192
530,6,22507,22193,12408
531,6,33700,28684,4500
532,6,26682,26776,3422
533,6,33266,33662,1458
534,6,24816,24315,1775
535,6,28523,30867,8007
536,6,29208,30091,915
537,6,13374,12155,9748
538,6,22188,12791,13452
539,6,31855,31467,428
540,6,21830,31371,13379
541,6,19239,14104,11039
542,6,31193,31838,4070
543,6,26020,29714,3205
544,6,23198,23221,943
545,6,31978,31680,269
546,6,22255,12243,13544
547,6,19545,20946,1639
548,6,19544,16128,3506
549,6,21107,22749,2728
550,6,34214,33081,4018
551,6,21474,24255,4551
552,6,29306,27124,1627
553,6,31313,30754,1057
554,6,30243,29652,2917
555,6,27914,27199,767
556,6,18427,12243,12312
557,6,25942,24981,962
558,6,28297,30091,4395
559,6,31865,23706,6472
560,6,26474,26277,336
561,6,28900,27624,797
562,6,30620,33127,11900
563,6,31838,29871,1914
564,6,31220,32184,745
565,6,31838,31844,327
566,6,10063,10053,343
567,6,35001,39441,9999
568,6,20233,25108,3748
569,6,33818,32947,1433
570,6,19273,21417,4708
571,6,25823,22749,2899
572,6,21083,22602,1281
573,6,20043,21853,1856
574,6,29269,27707,1132
575,6,22682,21872,5848
576,6,22246,30028,8829
577,6,19303,18699,972
578,6,25519,26636,1939
579,6,17292,12791,16877
580,6,17011,16672,1798
581,6,30210,28907,775
582,6,22518,32946,15278
583,6,35639,19252,22721
584,6,13264,17370,5516
585,6,12954,17370,10250
586,6,42923,39516,20887
587,7,14095,15634,71026
588,7,16878,19682,3207
589,7,12791,12642,261
590,7,12948,12791,1273
591,7,12777,12791,2856
592,7,28373,28252,3895
593,7,13022,12791,2011
594,7,26882,27290,4078
595,7,13189,12791,4429
596,7,26775,13022,17185
597,7,12405,12243,3097
598,7,27594,13019,16068
599,7,24232,15428,9171
600,7,28024,12243,16740
601,7,32998,23788,9891
602,7,21812,27643,8345
603,7,19557,12243,11625
604,7,13098,11512,5891
605,7,30412,29984,400
606,7,23077,31838,9368
607,7,33266,32946,1129
608,7,21959,20123,2572
609,7,27542,25670,3163
610,7,18326,18013,1237
611,7,29104,27542,1961
612,7,24315,28144,3076
613,7,23198,47640,6396
614,7,30028,32946,4029
615,7,28826,28684,145
616,7,20695,19546,1350
617,7,17914,12243,10982
618,7,17914,12243,10982
619,7,21234,11754,11243
620,7,21256,21177,1490
621,7,23096,33081,8040
622,7,20516,19242,1733
623,7,26118,25294,1479
624,7,28190,26456,1828
625,7,26143,32917,12146
626,7,31958,31478,8362
627,7,24218,18959,4885
628,7,30243,31570,2091
629,7,25670,24611,1447
630,7,25035,25225,173
631,7,26243,31139,4294
632,7,31870,31838,1006
633,7,24981,21436,2416
634,7,28297,28813,464
635,7,27338,29767,2110
636,7,24191,24208,4198
637,7,29865,31838,1755
638,7,23847,24066,406
639,7,23706,23792,957
640,7,18451,12243,13178
641,7,19774,17356,5288
642,7,19332,48937,6507
643,7,30439,25324,9516
644,7,30135,33263,3733
645,7,25659,48408,4399
646,7,30135,29784,4299
647,7,31230,27477,5335
648,7,31230,23508,6041
649,7,31844,22749,6716
650,7,31844,35534,9831
651,7,33077,33081,127
652,7,27078,27222,159
653,7,25612,12155,18884
654,7,23788,12243,16950
655,7,21966,12791,15898
656,7,24220,24631,257
657,7,29652,31838,2224
658,7,16934,20624,8331
659,7,26180,34483,7682
660,7,26504,28195,1846
661,7,23988,12791,17850
662,7,25726,22795,7963
663,7,34307,34447,935
664,7,17807,17154,2549
665,7,19843,31467,11418
666,7,25164,20370,3921
667,7,18265,20680,4277
668,7,22193,21299,3329
669,7,19784,20046,2267
670,7,25751,25754,188
671,7,22193,29269,6315
672,7,24948,24776,1200
673,7,18528,18048,1346
674,7,40009,39857,564
675,7,32202,36842,29645
676,7,10658,29084,34124
677,7,39888,32998,78103
678,8,12642,48546,13427
679,8,23585,22353,3310
680,8,12069,29652,18682
681,8,27594,32946,5549
682,8,26551,21470,9277
683,8,12798,24514,16716
684,8,20457,12791,12334
685,8,25170,30720,7383
686,8,38435,37943,2637
687,8,23734,24255,958
688,8,13624,12155,8280
689,8,26307,12791,17537
690,8,25316,12791,15936
691,8,26680,29784,3023
692,8,24816,23585,6501
693,8,28523,31497,7801
694,8,23259,22379,8432
695,8,47983,22193,12771
696,8,22188,20764,13633
697,8,47928,14104,9953
698,8,10931,18917,9317
699,8,27477,27011,6005
700,8,27477,27124,2363
701,8,27477,26866,771
702,8,30311,32946,2898
703,8,22374,23236,555
704,8,31193,30401,1389
705,8,32743,23431,8902
706,8,22694,23628,2153
707,8,27195,24358,3021
708,8,19480,19242,345
709,8,23519,20235,4530
710,8,9045,7608,3037
711,8,21458,25365,10953
712,8,26118,25443,883
713,8,30243,23548,5850
714,8,25473,25406,490
715,8,24066,15701,8653
716,8,19509,19314,1127
717,8,19770,12243,13516
718,8,27134,22129,5440
719,8,10012,8424,1791
720,8,25108,25940,1180
721,8,27078,25885,1288
722,8,31844,25462,9256
723,8,31844,28857,4500
724,8,30015,25406,3778
725,8,48541,15130,4990
726,8,29871,36561,8259
727,8,22981,23022,528
728,8,31644,50192,3480
729,8,21797,48634,1309
730,8,23832,48933,1638
731,8,17801,17769,251
732,8,25282,24642,496
733,8,27720,30015,3069
734,8,19217,25815,6018
735,8,20355,22422,1856
736,8,20141,12155,19113
737,8,21890,22193,3662
738,8,26649,29570,2651
739,8,29518,30419,657
740,8,25774,17162,9501
741,8,17240,20764,6062
742,8,21284,17011,5283
743,8,26636,12243,22187
744,8,28460,22583,6949
745,8,25359,25365,343
746,8,11380,17371,6121
747,8,24469,24422,792
748,8,44111,22214,35076
749,8,42472,35586,19654
750,9,12065,14916,2342
751,9,38546,37385,1786
752,9,11025,15666,7091
753,9,12243,12155,2283
754,9,12243,12788,2517
755,9,12243,12155,2283
756,9,12937,12243,532
757,9,12069,17883,10399
758,9,12069,12791,2328
759,9,28247,26808,2541
760,9,26775,36702,13324
761,9,21036,30228,8828
762,9,28024,31978,6600
763,9,18257,22986,5269
764,9,13416,12243,6452
765,9,27417,31139,4239
766,9,33693,33662,1128
767,9,26680,23706,5573
768,9,26682,21402,5609
769,9,35028,33081,6065
770,9,15944,12791,7958
771,9,31913,30028,1470
772,9,34620,33081,4931
773,9,16958,12243,9306
774,9,16958,12791,8948
775,9,17356,12791,9500
776,9,23393,23305,3547
777,9,23653,23077,2678
778,9,30056,29714,347
779,9,29095,30056,939
780,9,21317,25170,5837
781,9,48568,12243,14046
782,9,21991,20521,1668
783,9,18468,12791,12041
784,9,24166,26916,2488
785,9,40959,40953,1058
786,9,24390,28826,4143
787,9,23792,25726,5583
788,9,20446,23508,2593
789,9,24493,12791,15549
790,9,48302,12243,13410
791,9,25294,13354,10468
792,9,30135,31838,1541
793,9,24191,31838,6091
794,9,20818,22749,1928
795,9,19770,12791,13158
796,9,47998,12243,12362
797,9,19994,31473,9079
798,9,28012,12791,18058
799,9,26284,25539,999
800,9,27078,22287,4384
801,9,31844,27993,3250
802,9,30620,29871,1075
803,9,30620,32184,1110
804,9,31838,32184,261
805,9,23548,28084,4046
806,9,25263,25554,515
807,9,19811,22272,3526
808,9,34090,50192,3647
809,9,24308,14947,12044
810,9,26701,22854,3817
811,9,21785,17154,6213
812,9,23422,12791,19203
813,9,25164,23604,3987
814,9,26340,25879,339
815,9,18392,21746,9181
816,9,16411,5753,19658
817,9,17704,28478,11617
818,9,17370,30028,15819
819,9,40453,39581,3225
820,9,12541,24891,15379
821,10,13022,12243,2368
822,10,12588,14104,4357
823,10,33998,14998,18591
824,10,30931,24417,5518
825,10,33693,32946,1468
826,10,15499,12791,7639
827,10,14190,14330,196
828,10,22091,18165,5547
829,10,18033,20764,12505
830,10,18036,12243,9615
831,10,21245,25699,6544
832,10,31636,30091,2130
833,10,17913,12791,10711
834,10,38968,40009,12047
835,10,30243,25845,5141
836,10,22483,21458,1304
837,10,27515,32184,3978
838,10,31870,20764,13910
839,10,25215,21402,8590
840,10,30015,32184,1450
841,10,27816,31241,2862
842,10,19475,18420,1539
843,10,30689,29902,657
844,10,25855,27172,2099
845,10,24049,21370,4149
846,10,19454,22518,3964
847,10,16390,11829,19568
848,10,16698,31007,14697
849,11,22179,20764,19423
850,11,21865,12948,12526
851,11,28890,25548,8018
852,11,13098,12210,1854
853,11,31139,31680,546
854,11,27564,21892,6248
855,11,19486,12791,12028
856,11,27605,24191,3061
857,11,32782,27783,4140
858,11,25108,12791,16222
859,11,22343,22575,7518
860,11,29408,25645,7528
861,11,28371,16108,11087
862,11,27115,22193,4948
863,11,39589,38969,1654
864,11,32719,11845,38539
865,12,12405,12791,3451
866,12,13442,12243,6485
867,12,21801,21898,149
868,12,12997,13225,512
869,12,31243,30284,716
870,12,15780,14190,906
871,12,18468,12243,12398
872,12,10198,12243,11714
873,12,25832,21797,4765
874,12,24066,23442,1634
875,12,22055,12791,14772
876,12,28334,32184,2910
877,12,21771,21124,871
878,12,19977,20171,246
879,12,26628,29541,3806
880,12,17631,17807,137
881,12,29269,30886,5023
882,12,17402,17776,233
883,12,27159,25810,4880
884,12,22728,22193,1067
885,12,35936,38600,20013
886,12,48058,18994,777
887,13,32789,26694,4886
888,13,13416,25316,11161
889,13,13354,14104,7159
890,13,21959,25153,4985
891,13,30742,26612,14952
892,13,24575,12791,15198
893,13,7400,17240,11704
894,13,19811,19803,143
895,13,31946,31838,1213
896,13,27315,31838,3962
897,13,18396,17402,1442
898,13,25645,26636,4111
899,13,22195,20680,1381
900,13,24784,24642,9716
901,14,12798,12155,5814
902,14,14421,12243,7575
903,14,22795,22813,2329
904,14,9094,7608,2940
905,14,48299,12243,13287
906,14,30478,29652,1822
907,14,30015,32184,1450
908,14,25984,12791,17575
909,14,25974,25885,920
910,14,18172,12791,13945
911,14,20032,20278,783
912,14,24112,12243,17998
913,14,26318,24654,3849
914,14,23559,27159,3888
915,14,25519,33851,10179
916,15,11729,16964,5315
917,15,13022,12243,2368
918,15,34422,50205,7251
919,15,14265,14104,6293
920,15,18169,12791,9832
921,15,33712,24293,8304
922,15,30120,31838,3361
923,15,31454,30888,1014
924,15,19953,22749,2720
925,15,15629,12946,11643
926,15,27002,27329,740
927,15,23278,23209,121
928,15,24105,25554,1552
929,15,24057,21420,2247
930,15,20035,19377,2759
931,15,18175,18042,2554
932,16,41452,40915,1172
933,16,38796,35436,7378
934,16,12642,19242,10944
935,16,37148,36873,405
936,16,32998,28562,3500
937,16,28826,33998,7144
938,16,25278,25249,2203
939,16,6873,9967,4962
940,16,28012,22749,4143
941,16,22345,25453,2523
942,16,25307,22287,5151
943,16,29754,22193,7733
944,17,12155,21177,16180
945,17,12405,13837,5973
946,17,18963,19438,541
947,17,19582,29652,14934
948,17,14265,12791,6265
949,17,14158,12791,6703
950,17,30412,26383,6508
951,17,14847,12243,7804
952,17,16076,26596,9125
953,17,31467,33662,3435
954,17,23393,25699,3378
955,17,19545,19252,576
956,17,22879,23508,637
957,17,20818,20594,375
958,17,31838,26787,3839
959,17,23242,24937,1918
960,17,26180,23548,2519
961,17,26454,26052,368
962,17,24844,20434,3542
963,17,16849,18206,4399
964,17,31075,31838,2503
965,17,20434,18287,2867
966,17,23691,24588,3856
967,17,29269,23508,7227
968,17,36561,38665,3039
969,17,20619,31838,10682
970,17,19571,19078,8994
971,18,12243,13019,941
972,18,39769,36969,6107
973,18,19557,23708,8871
974,18,13354,19770,7711
975,18,23644,23734,169
976,18,26307,31838,8255
977,18,29328,31838,5996
978,18,7258,8355,2252
979,18,26618,25670,725
980,18,23167,26143,2528
981,18,21173,20786,383
982,18,23915,22749,986
983,18,23851,25601,1691
984,18,31774,15123,13299
985,18,24844,32454,10083
986,18,20741,25164,3653
987,18,29605,25997,2991
988,18,32663,32825,436
989,18,30923,33840,5876
990,18,29793,33085,6314
991,18,24227,20764,8211
992,19,34615,23965,10227
993,19,32052,30499,5592
994,19,22353,19681,3589
995,19,22353,29328,8165
996,19,31688,32118,1375
997,19,29328,23534,4673
998,19,14660,14995,2705
999,19,26966,20378,5002
1000,19,30243,31838,2335
1001,19,24358,24575,741
1002,19,25942,31865,4559
1003,19,19811,20654,10968
1004,19,30031,27580,2740
1005,19,22343,23928,1944
1006,19,30250,34853,5736
1007,19,50280,34117,394
1008,19,35639,29377,15315
1009,20,33125,29498,5580
1010,20,13022,12243,2368
1011,20,21378,23792,7637
1012,20,36226,37154,11164
1013,20,25094,18617,7430
1014,20,23311,24220,865
1015,21,12543,16954,4941
1016,21,12791,17226,7789
1017,21,36735,32512,9560
1018,21,12777,12243,2502
1019,21,13022,12155,4203
1020,21,31671,12791,19388
1021,21,19183,18444,3526
1022,21,27417,24600,3486
1023,21,33693,32946,1468
1024,21,10532,11724,3249
1025,21,22091,19146,5864
1026,21,22956,21966,4669
1027,21,39436,46000,23617
1028,21,22579,12777,13367
1029,21,32228,31844,2975
1030,21,25294,25406,123
1031,21,29216,19786,7606
1032,21,26379,26000,2031
1033,21,26000,28114,10626
1034,21,27047,25997,1260
1035,21,23422,23851,4750
1036,21,16411,20764,7011
1037,22,18247,14774,6919
1038,22,13839,13747,162
1039,22,13190,12588,1119
1040,22,14265,12243,6623
1041,22,22455,19869,7700
1042,22,21911,27472,5098
1043,22,17913,12243,11068
1044,22,19544,16978,3228
1045,22,21991,20615,3058
1046,22,26118,24981,1461
1047,22,28286,26554,1908
1048,22,20235,20578,1047
1049,22,26701,26650,853
1050,22,18425,18482,1498
1051,23,12777,12243,2502
1052,23,13022,12791,2011
1053,23,27900,27396,373
1054,23,13225,13899,2262
1055,23,26431,27028,3686
1056,23,32118,34844,3886
1057,23,32738,32947,4468
1058,23,25294,20468,3260
1059,23,27624,32184,3308
1060,23,33407,33792,2926
1061,23,23308,20764,5862
1062,23,25652,24642,2629
1063,23,28478,28558,536
1064,23,37154,39857,5944
1065,23,19579,19571,1608
1066,24,20062,27087,9104
1067,24,19438,21189,8027
1068,24,30674,28520,2471
1069,24,25170,21693,3883
1070,24,29760,32184,6302
1071,24,29036,29322,268
1072,24,29328,29652,7111
1073,24,24315,31605,5881
1074,24,29714,19252,9202
1075,24,22676,23338,3536
1076,24,50580,33662,5316
1077,24,17883,12791,11464
1078,24,19770,12791,13158
1079,24,24191,26021,4946
1080,24,20418,31467,9349
1081,24,30259,23508,6023
1082,24,34066,31787,10201
1083,24,26063,24642,1622
1084,24,49026,24588,1493
1085,24,16737,12677,3433
1086,24,29986,20626,9492
1087,25,20062,23769,45805
1088,25,13100,14916,1231
1089,25,12642,13937,6390
1090,25,12948,13179,624
1091,25,11704,12243,2318
1092,25,28633,27789,4488
1093,25,23323,31243,6127
1094,25,15493,12243,7982
1095,25,13374,12791,7555
1096,25,29784,23489,8680
1097,25,22116,22911,2472
1098,25,19977,19914,755
1099,25,29282,26596,6256
1100,25,19217,31835,18027
1101,25,50037,50040,838
1102,26,17226,33662,13726
1103,26,37307,31367,10013
1104,26,13442,34098,18206
1105,26,30894,28024,3561
1106,26,23734,22317,1687
1107,26,31688,50571,6015
1108,26,30091,32184,4916
1109,26,14660,12791,8755
1110,26,15780,12791,8330
1111,26,23618,23850,143
1112,26,31844,38163,9560
1113,26,17104,15792,3657
1114,26,19784,18042,4234
1115,26,48083,18042,2172
1116,26,35748,36754,2500
1117,27,46696,39378,34260
1118,27,13666,12791,2712
1119,27,35436,22751,15450
1120,27,27865,27576,386
1121,27,32118,33662,2730
1122,27,26197,21107,4726
1123,27,31958,33662,5487
1124,27,25714,24066,1617
1125,27,31454,29541,2169
1126,27,21173,22751,1418
1127,27,48036,12405,9925
1128,27,25659,29652,3538
1129,28,12937,12243,532
1130,28,12155,25108,18414
1131,28,17740,21036,4124
1132,28,28434,35537,9422
1133,28,20859,12791,11938
1134,28,31636,34267,5272
1135,28,39445,42458,8597
1136,28,36915,36363,2245
1137,28,31844,18942,9960
1138,28,24527,25918,2153
1139,28,11751,5753,12249
1140,28,28286,12243,19281
1141,28,25785,25752,685
1142,28,31965,29028,8888
1143,28,18386,18372,11
1144,29,33760,31371,10560
1145,29,32428,32533,92
1146,29,12791,13190,4024
1147,29,28633,31497,7671
1148,29,14516,12243,7630
1149,29,18427,14104,11982
1150,29,37120,39589,12026
1151,29,19774,19312,1418
1152,30,37362,38266,1085
1153,30,13022,12791,2011
1154,30,28062,12791,18165
1155,30,23684,23626,680
1156,30,18718,12791,9769
1157,30,21429,36272,14683
1158,30,21063,20457,5285
1159,30,33247,33752,827
1160,30,25294,27802,6978
1161,30,25447,31838,5068
1162,30,24954,23930,1428
1163,30,18129,17056,2549
1164,30,25302,19586,8564
1165,30,25907,22911,2569
1166,30,34427,34447,289
1167,30,18006,12243,20168
1168,30,42303,37413,17564
1169,30,40117,36561,7577
1170,31,14021,13993,146
1171,31,26086,50192,6348
1172,31,23022,23209,1010
1173,31,21308,20248,1188
1174,31,12296,13223,9608
1175,32,17445,25862,9521
1176,32,32256,30311,2904
1177,32,26760,29652,3585
1178,32,21539,22193,2720
1179,33,44693,35436,28997
1180,33,26275,27317,1122
1181,33,21122,26401,5320
1182,33,25668,20764,8885
1183,33,24186,25340,5622
1184,34,20446,22055,1872
1185,34,25643,24776,954
1186,35,31855,32770,3236
1187,35,25215,18439,6060
1188,35,26381,31076,8876
1189,36,26596,24315,1759
1190,36,29860,30028,173
1191,36,32506,25670,5037
1192,37,12694,13822,3046
1193,37,26739,26730,292
1194,37,23792,15428,7956
1195,37,22137,23604,4576
1196,37,17141,18802,6185
1197,38,23198,32184,7859
1198,38,31771,31838,1492
1199,38,24186,24159,28
1200,39,30463,12243,17670
1201,39,29247,27290,1275
1202,39,32364,31865,569
1203,39,18495,23442,4472
1204,39,25899,22137,10723
1205,40,17100,22749,10708
1206,41,27993,47295,14405
1207,41,20355,24638,3544
1208,42,29104,29652,5192
1209,42,31844,31051,2425
1210,42,19534,19421,799
1211,42,26379,23995,2065
1212,43,40520,41002,987
1213,43,46563,46580,352
1214,43,14015,13747,163
1215,43,20770,25601,5714
1216,44,20447,18959,3201
1217,44,27309,24981,2270
1218,44,22343,23948,1344
1219,45,38345,37873,509
1220,45,23289,12791,17122
1221,45,15861,25160,16004
1222,46,25321,30311,5825
1223,46,22483,17883,4798
1224,46,29749,29398,490
1225,47,23524,22779,3565
1226,47,22890,22122,924
1227,47,29714,26596,2769
1228,47,30564,20764,13212
1229,48,13100,24210,13184
1230,48,33692,32660,10495
1231,48,35187,50439,2870
1232,48,38532,36561,15714
1233,49,11557,17933,6236
1234,49,19681,16274,6898
1235,49,49331,27672,575
1236,49,17273,20764,12008
1237,49,20446,19239,3116
1238,49,23915,32184,6278
1239,50,28092,12155,17786
1240,50,31688,31855,1668
1241,50,5753,9810,6689
1242,50,26699,19020,7358
1243,50,35031,35187,658
1244,50,19770,12791,13158
1245,50,29652,23788,4966
1246,50,20536,20638,1304
1247,50,29229,26942,3360
1248,51,20521,24642,5806
1249,51,19332,18282,2342
1250,51,29408,31001,2415
1251,51,16006,12791,19513
1252,52,30316,29169,4000
1253,52,28783,29570,2938
1254,52,26636,29652,6190
1255,52,39589,38665,2793
1256,52,42734,43015,2825
1257,53,23268,25699,6843
1258,53,23152,32184,7191
1259,53,19884,20103,561
1260,53,27635,24079,11616
1261,54,26843,27729,1105
1262,54,31193,29533,4270
1263,54,19768,12791,12918
1264,54,31838,22749,6965
1265,55,21142,32184,10449
1266,55,22791,22749,4450
1267,55,18411,18084,1036
1268,55,22495,21036,16638
1269,56,14421,12243,7575
1270,56,30897,21245,9559
1271,56,6078,9244,7114
1272,56,26449,12791,17141
1273,56,31774,29784,6695
1274,57,21762,31467,8514
1275,57,24297,25324,2308
1276,57,22303,31913,7636
1277,57,34898,34796,3332
1278,57,27222,23232,4687
1279,57,25911,13019,26194
1280,58,29197,36972,12446
1281,58,20349,19851,775
1282,58,27172,25601,1746
1283,58,18457,23508,8167
1284,58,18042,22193,6253
1285,58,40117,38665,4538
1286,59,29181,26906,2538
1287,60,25810,25548,1171
1288,61,18173,20537,3395
1289,62,47570,16958,2956
1290,62,22682,16624,8151
1291,63,33610,33662,236
1292,63,29095,33081,4245
1293,63,20162,19871,1344
1294,63,30906,34369,4876
1295,64,22813,31636,7574
1296,64,26779,12243,17334
1297,64,31838,32946,7078
1298,66,16207,13108,2936
1299,66,22343,19622,4794
1300,67,31467,33931,5318
1301,67,27472,32946,5068
1302,68,29954,26589,6316
1303,69,26923,12791,17118
1304,70,23585,22947,1191
1305,70,23519,33662,9717
1306,70,15597,15920,4590
1307,70,18942,10630,9110
1308,70,22646,19784,4974
1309,71,19546,19963,596
1310,71,25410,29784,4521
1311,71,27019,12155,19900
1312,71,36561,35808,7768
1313,73,27383,24055,4420
1314,73,25329,24191,6244
1315,75,27654,32184,5390
1316,75,24913,23749,8646
1317,76,29972,19582,8903
1318,76,22101,28680,6248
1319,76,50205,23706,10092
1320,76,27472,31838,4847
1321,77,23489,20764,18580
1322,78,23236,22751,3845
1323,78,10407,20764,17098
1324,78,29714,10414,15432
1325,79,28012,25792,3139
1326,80,21317,23564,5026
1327,80,27914,24500,3101
1328,81,26615,12791,18424
1329,82,22869,16624,13781
1330,82,18718,27789,8965
1331,82,35012,26596,7697
1332,82,31838,29341,2743
1333,82,22242,24954,2339
1334,83,30867,30909,58
1335,84,22694,12791,13492
1336,84,23574,22579,2744
1337,85,19061,22749,4766
1338,85,18495,48388,2004
1339,85,28286,26581,9905
1340,86,22252,12791,13333
1341,88,20473,22433,3264
1342,88,20607,19963,955
1343,88,31844,32946,6752
1344,89,31838,29341,2743
1345,90,25294,30689,4298
1346,91,12243,24066,15361
1347,92,31838,34654,4670
1348,92,20355,23402,2623
1349,92,18938,33662,19180
1350,93,19438,19236,278
1351,94,21801,30284,6862
1352,94,27072,25855,2265
1353,95,26307,24191,5186
1354,95,26355,24981,2938
1355,96,22242,24642,2842
1356,97,21417,23685,3289
1357,97,21370,12791,15294
1358,97,17807,22972,6097
1359,98,18535,22842,7716
1360,98,24927,26884,8824
1361,98,25997,12791,20334
1362,98,30906,35367,5438
1363,101,12243,12642,619
1364,101,47570,12791,7263
1365,101,34216,27317,5609
1366,101,21853,16540,7249
1367,102,24210,27417,4513
1368,103,28144,31838,4905
1369,103,38665,33840,10613
1370,104,23792,21925,10031
1371,104,30419,18839,9406
1372,105,29714,12791,19167
1373,105,21474,27024,8897
1374,105,20463,25815,4358
1375,107,24880,25083,3665
1376,107,31105,50612,7523
1377,107,32184,34694,4964
1378,108,19334,25319,5333
1379,108,27078,30245,7130
1380,108,25751,31960,7818
1381,109,24112,25554,1737
1382,110,13022,48036,10103
1383,113,28869,28190,9246
1384,113,18523,25572,8745
1385,113,25885,31467,5422
1386,113,22242,19681,14061
1387,113,26063,24308,2226
1388,115,22911,31838,7728
1389,115,25184,27532,2495
1390,116,12946,12791,1081
1391,116,13593,10390,3958
1392,116,24954,24642,2080
1393,117,27674,28680,1354
1394,117,26304,24981,2988
1395,117,30520,25645,7524
1396,118,31838,27584,6250
1397,119,26158,27441,9964
1398,120,32929,33662,4110
1399,120,29652,20293,7583
1400,121,12791,12243,358
1401,122,25668,25670,2155
1402,122,24871,32184,6246
1403,123,22869,20764,18169
1404,123,22700,19774,8734
1405,124,38546,30036,12589
1406,125,23699,31104,6111
1407,125,24414,28012,6325
1408,126,25104,32946,6760
1409,127,26610,26680,6725
1410,128,27761,49330,6869
1411,131,26776,21615,5463
1412,131,32118,26000,9709
1413,131,25524,19803,5125
1414,132,36972,31029,11078
1415,132,40700,40959,7436
1416,132,27194,32184,5884
1417,132,19963,16668,7983
1418,133,19438,22717,6807
1419,133,20891,19963,2006
1420,133,19239,17807,6300
1421,133,27629,31001,3795
1422,134,30718,31838,4892
1423,135,22787,26850,3239
1424,136,19546,18085,2582
1425,136,18105,25457,6550
1426,136,23152,20123,5778
1427,136,18048,20680,3629
1428,138,20248,12791,15651
1429,139,29876,35013,15556
1430,139,21945,23663,5015
1431,139,14036,16104,1788
1432,139,19534,25612,5860
1433,140,20605,21132,1414
1434,141,31838,22579,7377
1435,141,24514,27317,6598
1436,142,29779,21969,6696
1437,143,32756,31838,6539
1438,143,18943,22193,5861
1439,144,24648,25940,2808
1440,145,22242,18420,4147
1441,146,13189,34052,19323
1442,146,30091,30120,3443
1443,146,29285,24642,4706
1444,147,27011,22749,4192
1445,147,22931,26381,3214
1446,148,20021,20812,2234
1447,149,19313,32946,12344
1448,149,31838,25324,10806
1449,150,25116,25670,4520
1450,150,27442,31838,4881
1451,152,30120,27869,4071
1452,153,39395,37359,7031
1453,153,17100,25554,10491
1454,154,33097,12791,21814
1455,156,48005,12791,11801
1456,156,31641,31838,1761
1457,157,24020,33851,7691
1458,158,30415,30923,2450
1459,159,25116,22751,5540
1460,159,31810,29638,2234
1461,160,24575,12791,15198
1462,160,25406,31838,4966
1463,160,22345,21173,3808
1464,162,23628,23482,1439
1465,162,27542,32946,4700
1466,162,19020,19417,766
1467,162,29871,32184,2175
1468,163,22600,31838,7738
1469,163,34074,25970,6335
1470,163,23468,33998,12950
1471,163,19991,20440,1602
1472,164,20607,20695,123
1473,165,26208,12243,16551
1474,166,31243,31381,3273
1475,166,33709,33707,726
1476,166,18164,29652,10476
1477,167,31838,26596,6222
1478,167,22242,26010,3305
1479,168,23220,22343,2517
1480,169,18523,19313,7854
1481,169,21830,24102,5807
1482,169,23769,25294,2990
1483,169,29541,27105,1845
1484,169,30439,31001,1941
1485,169,17880,21119,4358
1486,169,22345,30251,6641
1487,169,27720,25742,1988
1488,170,25108,32184,5620
1489,171,16411,15701,5122
1490,172,26197,23487,4926
1491,172,29095,32184,3828
1492,173,26822,23375,10280
1493,175,21479,24030,2627
1494,175,35367,34867,1285
1495,176,26180,12791,18535
1496,177,32032,33662,1637
1497,177,34216,23788,8868
1498,177,22518,23928,4836
1499,178,27134,12791,17400
1500,180,29784,24642,7864
1501,180,25612,21317,4380
1502,180,27656,31641,3291
1503,182,22911,24638,1538
1504,183,23552,20784,3843
1505,184,26862,9928,14318
1506,185,21830,16624,10613
1507,185,31838,28158,6295
1508,185,27555,31838,3359
1509,185,27002,26454,1445
1510,186,30091,32732,2552
1511,187,29890,29028,3591
1512,188,25123,29652,4013
1513,190,49333,27228,1186
1514,190,31838,27338,3354
1515,190,26859,22583,4968
1516,192,23198,29954,4999
1517,192,26381,27378,8856
1518,193,48014,16086,3823
1519,193,31838,31139,3615
1520,194,12243,13019,941
1521,194,23301,22287,6529
1522,195,27002,12243,18410
1523,195,28158,25227,6367
1524,196,12937,12243,532
1525,196,19582,20680,20172
1526,196,28523,27418,1143
1527,196,28950,25094,3712
1528,197,16958,47806,1234
1529,197,28084,31838,2843
1530,198,18451,24500,5365
1531,198,31838,25153,10965
1532,198,32949,49427,3971
1533,200,22297,31838,10516
1534,200,20607,22255,1638
1535,200,34317,31838,3985
1536,200,27643,29652,2883
1537,201,23663,24150,3852
1538,202,32979,32946,4878
1539,203,32692,12243,21362
1540,203,18183,24642,7635
1541,204,23902,28207,3468
1542,205,34317,26596,6436
1543,205,24996,12480,14507
1544,206,25114,22931,8824
1545,207,24642,22483,4614
1546,208,27328,49398,1402
1547,209,13747,14015,163
1548,210,18444,20764,19521
1549,210,27656,26511,1551
1550,211,26882,32946,7048
1551,211,21370,31838,8610
1552,211,23930,26636,4969
1553,212,25075,29871,8198
1554,212,21189,21245,2256
1555,212,19597,22911,3597
1556,213,28826,24981,4030
1557,213,23816,22081,6820
1558,214,20459,12791,13507
1559,214,30031,31570,1365
1560,214,24105,32184,6886
1561,214,23185,27643,5817
1562,215,10926,10317,674
1563,216,28783,25826,3143
1564,217,22454,33662,8756
1565,217,23588,26948,3443
1566,218,25418,23618,8748
1567,219,31838,28228,4868
1568,219,29886,25792,3526
1569,221,24588,25997,2284
1570,222,29533,26581,3128
1571,222,22749,20202,2460
1572,225,28283,31838,10406
1573,225,19334,19546,2238
1574,225,8806,20594,10204
1575,225,22141,23734,7743
1576,225,27765,27035,7699
1577,226,18523,26596,8246
1578,226,23446,24642,1313
1579,227,20399,25942,18337
1580,228,33960,31838,3564
1581,229,26522,27441,2665
1582,232,25170,15493,8611
1583,232,23276,48683,1390
1584,233,18016,20764,12221
1585,234,24002,20020,6584
1586,234,24971,25699,1015
1587,234,27761,12791,18449
1588,235,32256,21969,8554
1589,235,21122,31838,8339
1590,235,27172,27993,712
1591,235,22911,48600,2283
1592,235,17932,20123,9608
1593,236,20120,18209,3650
1594,238,33085,29652,3246
1595,239,28363,20278,8501
1596,239,10473,22749,10095
1597,239,30015,32184,1450
1598,240,29306,12155,20671
1599,241,28481,31838,2584
1600,241,22343,12791,16164
1601,241,25302,22480,4296
1602,241,28774,24642,4244
1603,242,25170,13022,13693
1604,243,27521,12791,16766
1605,243,29413,30251,7872
1606,244,19239,19963,840
1607,244,30742,31197,4264
1608,245,27965,27613,837
1609,246,22454,13949,11719
1610,247,36702,37277,1997
1611,247,30506,31838,5524
1612,248,29077,28955,1392
1613,248,25453,22193,4580
1614,248,19869,32946,14245
1615,251,23245,25885,3142
1616,253,31029,31838,4764
1617,253,26405,12791,16273
1618,254,27181,27608,790
1619,255,18447,19776,2319
1620,255,24105,31838,6625
1621,258,25302,12791,18500
1622,260,25307,19146,5874
1623,261,29580,30120,5545
1624,262,16249,15975,627
1625,262,29893,25774,5012
1626,263,35241,20578,12559
1627,263,21166,12791,17964
1628,265,23198,21899,11741
1629,266,29784,25918,4053
1630,266,27765,12243,21834
1631,267,25970,24500,1611
1632,268,17459,15780,1387
1633,268,29890,28671,1432
1634,270,31577,28826,3633
1635,271,32722,26899,4308
1636,271,25316,29269,10035
1637,271,22188,22788,358
1638,271,33746,33057,1032
1639,271,18164,18468,849
1640,271,30453,12791,20347
1641,272,37999,36783,2575
1642,272,22297,22193,13038
1643,272,22483,30091,7016
1644,273,34204,25670,9057
1645,274,19592,26082,5625
1646,275,29498,30401,14292
1647,275,26636,11546,14793
1648,276,25572,23792,1589
1649,277,47975,12791,12240
1650,277,31838,23375,11409
1651,277,19661,22749,8640
1652,279,31838,49331,7218
1653,280,22743,24191,3430
1654,280,23749,22193,1856
1655,281,24134,31838,9679
1656,281,24130,23486,697
1657,283,31844,34759,3600
1658,285,21429,13022,10759
1659,285,20638,11424,8495
1660,285,33960,33806,356
1661,286,31838,25519,6967
1662,287,34916,13019,21475
1663,287,19314,29714,8870
1664,287,26829,27019,925
1665,289,22384,31838,7739
1666,289,26925,12791,17279
1667,289,29570,25164,3838
1668,290,33707,33679,1302
1669,291,30308,31838,5716
1670,291,31817,31771,1181
1671,291,24642,22193,3423
1672,291,24130,29903,9518
1673,292,30091,31838,5176
1674,292,26197,32184,6151
1675,293,31838,50126,8393
1676,293,49424,25548,3083
1677,293,33209,12243,22534
1678,294,21147,22749,10348
1679,296,33021,30800,10475
1680,296,30015,32184,1450
1681,298,27417,25324,3802
1682,298,11927,23788,9500
1683,298,29313,31838,1870
1684,299,29397,10690,16424
1685,300,32652,35210,3596
1686,300,17100,18060,10912
1687,301,29282,29044,1155
1688,302,32256,15604,16041
1689,302,22867,23894,793
1690,302,27580,25997,2059
1691,303,22242,31644,7864
1692,305,12588,15753,5226
1693,305,17776,48261,3258
1694,306,21147,12791,22080
1695,307,21720,20457,1823
1696,307,21337,12243,22265
1697,308,31512,30506,3053
1698,309,26082,22749,3290
1699,309,24611,34910,8996
1700,309,22193,23508,8128
1701,310,29714,32946,4341
1702,311,29090,29475,3316
1703,311,33257,31622,2284
1704,312,22454,22297,879
1705,313,20521,24308,5041
1706,313,19303,17835,2826
1707,314,25539,12243,17258
1708,315,24600,27881,3683
1709,315,29282,29313,953
1710,315,23832,25094,1731
1711,315,27115,12791,21074
1712,316,28514,20585,10099
1713,316,19774,19622,2224
1714,316,26929,12541,17881
1715,316,22911,24164,1712
1716,317,33679,33187,6875
1717,317,23792,12243,15132
1718,317,34910,35104,1222
1719,317,22751,25225,1950
1720,317,26318,49333,7714
1721,317,27894,24358,6587
1722,318,22782,25094,2907
1723,319,19939,27338,8008
1724,320,25406,32184,5227
1725,320,18073,48209,5142
1726,320,24956,22193,3049
1727,321,22345,19313,5668
1728,322,16390,22749,10834
1729,323,25282,26620,1797
1730,324,26191,12791,16208
1731,324,29377,32791,9446
1732,324,22873,24315,7053
1733,326,34916,23342,12662
1734,326,33085,12155,24174
1735,326,27761,27067,1102
1736,327,28809,29684,2250
1737,327,32019,33662,8088
1738,328,19494,15780,4535
1739,329,27802,25604,2961
1740,330,28963,33081,6701
1741,330,31454,30897,926
1742,330,25548,25795,842
1743,331,21378,20764,17030
1744,331,26717,24642,2591
1745,332,26826,24500,2201
1746,333,25097,26715,2524
1747,333,21822,29784,6495
1748,334,29929,23788,7871
1749,334,35104,31817,4771
1750,336,21860,12243,13290
1751,337,25610,32184,5606
1752,338,22795,19851,3084
1753,339,22902,12791,16382
1754,340,13098,12243,7214
1755,340,18013,24270,6963
1756,340,29084,12243,18537
1757,340,50580,20300,15558
1758,340,26321,23792,3670
1759,340,38665,37310,16374
1760,342,21036,12243,10722
1761,342,26804,27654,3757
1762,342,26575,16773,8275
1763,343,28680,31467,4877
1764,345,31838,20215,8984
1765,345,21977,25094,2409
1766,346,24069,31838,6284
1767,346,34447,32791,7091
1768,347,34437,22466,10519
1769,348,27383,18257,9288
1770,349,31200,33747,3218
1771,350,29910,26596,5289
1772,350,33266,29860,3148
1773,351,12588,9562,11576
1774,351,27242,27624,5829
1775,352,16917,14660,1693
1776,352,35102,32184,4236
1777,352,25215,12642,15884
1778,353,31838,25457,4994
1779,354,32786,12791,27950
1780,355,28883,27028,2271
1781,355,31104,31467,996
1782,355,22141,21972,4663
1783,356,23548,33081,7987
1784,356,19533,18420,4007
1785,357,33693,33662,1128
1786,357,30311,25294,5614
1787,357,29902,25826,3625
1788,358,25338,34052,8688
1789,359,29084,33960,6256
1790,360,27417,26610,6383
1791,360,21572,29430,11173
1792,361,27624,26311,2311
1793,361,25094,12791,17250
1794,362,27472,31855,3339
1795,364,25554,24102,2108
1796,364,28439,31010,1914
1797,364,26702,25524,2110
1798,365,26176,26699,4262
1799,365,22795,26454,6784
1800,366,20370,23402,2399
1801,366,19535,19365,399
1802,366,17835,24130,7298
1803,367,26943,12155,19355
1804,367,34437,31577,3127
1805,367,27629,22749,6593
1806,368,17135,19535,3038
1807,370,32185,30878,1403
1808,370,25443,32184,5491
1809,370,21677,20340,2008
1810,373,31208,29613,3010
1811,373,48600,22911,2283
1812,374,24816,25075,408
1813,374,24575,12791,15198
1814,374,21977,26822,4048
1815,374,48220,15972,4705
1816,375,22787,22297,2137
1817,375,30439,25670,3841
1818,375,25652,25329,304
1819,376,25726,25316,9048
1820,377,27028,31787,5113
1821,377,31381,31605,299
1822,378,22121,15428,6917
1823,378,25254,24642,2253
1824,379,30031,31844,1770
1825,380,25335,25826,4655
1826,381,25153,25321,666
1827,381,25847,24654,13355
1828,382,31499,34394,5270
1829,382,23329,23548,3548
1830,383,29902,31838,1908
1831,385,50512,33840,3897
1832,385,28158,50192,4503
1833,386,38171,32184,14671
1834,386,48546,23276,5005
1835,386,22242,19597,4888
1836,387,47975,18427,706
1837,388,22717,22977,240
1838,388,19465,19598,1781
1839,389,28890,27317,6324
1840,389,27674,35028,7367
1841,389,22996,15701,7344
1842,389,26649,26511,684
1843,390,30415,27172,2981
1844,390,34369,22749,10872
1845,392,24303,29464,6550
1846,392,30906,22193,7943
1847,393,21865,25321,3857
1848,393,22242,29784,8498
1849,394,21720,22749,8039
1850,394,21490,12243,14124
1851,394,30520,36574,18637
1852,394,18457,32384,13376
1853,395,30243,34313,3845
1854,395,25823,25406,1968
1855,396,15655,22193,10945
1856,397,30031,32184,1869
1857,401,29282,12791,19599
1858,402,25522,32946,8715
1859,403,30015,28110,2407
1860,404,22454,25279,2702
1861,405,24215,20123,5760
1862,405,33864,50192,1907
1863,405,31076,22193,7660
1864,408,27647,12791,18089
1865,408,32184,7954,19056
1866,409,22001,12791,13512
1867,409,27002,15666,18296
1868,409,24638,25997,3296
1869,410,36972,31865,13803
1870,410,28114,32692,4587
1871,410,25969,12243,16390
1872,410,27189,26620,1571
1873,411,21729,19417,6735
1874,412,21378,17154,12003
1875,412,31978,35210,5700
1876,412,25601,25885,1335
1877,412,22563,18802,4545
1878,413,30053,21124,8132
1879,414,26715,35436,11394
1880,414,27078,12243,17866
1881,414,19273,22483,4420
1882,416,26682,26610,6986
1883,416,30793,34216,4310
1884,416,30581,27816,2257
1885,419,30878,48663,7344
1886,419,32615,20123,10257
1887,420,10195,10473,1476
1888,420,31958,32219,1385
1889,420,26966,29638,2836
1890,420,25601,12791,17493
1891,420,25282,25726,435
1892,421,28363,33811,8185
1893,421,49515,35775,9550
1894,423,26764,18451,11305
1895,423,23792,12243,15132
1896,424,19546,27555,7789
1897,424,20468,12243,13882
1898,424,19273,20605,5650
1899,425,50580,33754,4350
1900,425,21872,23792,1672
1901,425,29269,26946,2279
1902,426,23508,25670,1899
1903,426,20241,20434,991
1904,427,25094,25670,2304
1905,428,27181,24191,4468
1906,430,21067,31467,7729
1907,431,15511,16055,11101
1908,431,20180,23264,3337
1909,431,26304,30069,4405
1910,433,21720,20631,16764
1911,433,25538,28520,5047
1912,434,34420,38436,11322
1913,434,31838,29798,10935
1914,434,25094,19871,6255
1915,434,22981,48552,2473
1916,434,27455,29652,2672
1917,435,29263,27142,2701
1918,435,31716,20123,10255
1919,435,27120,19312,7962
1920,435,21991,25942,3329
1921,436,26021,22224,6289
1922,437,31810,33085,5276
1923,437,20521,32946,10988
1924,437,25539,23788,1528
1925,438,19598,21431,5417
1926,438,48774,17402,6195
1927,438,25751,26612,6848
1928,440,31978,24981,5973
1929,440,24262,25294,2378
1930,440,19686,19111,1007
1931,441,26197,26876,1839
1932,441,25447,23573,1462
1933,442,24119,20626,11442
1934,443,22454,25699,7380
1935,443,32946,30935,1995
1936,443,19338,12243,13116
1937,443,18959,21911,5184
1938,443,31220,25918,4300
1939,444,34014,29638,3806
1940,444,26946,15780,12425
1941,445,24168,26596,2936
1942,446,21720,25885,8554
1943,446,18802,10682,8273
1944,447,21872,23792,1672
1945,447,20434,20123,6611
1946,448,18105,19851,3708
1947,448,23548,26596,4551
1948,451,25522,25087,1651
1949,452,20349,12791,11798
1950,452,33720,31636,6279
1951,453,18718,26827,7738
1952,453,22656,19239,11117
1953,454,19152,14247,4776
1954,454,28514,24746,4838
1955,455,29508,32998,3576
1956,455,22055,23318,1487
1957,455,33827,33840,878
1958,456,32652,32946,2053
1959,456,21458,17301,6114
1960,456,18073,20325,7949
1961,458,27383,30091,2181
1962,458,34688,31817,5830
1963,460,7810,29903,19366
1964,460,19274,31429,10192
1965,460,19695,26630,7494
1966,460,16765,21470,9045
1967,461,31838,23915,6017
1968,462,24862,24642,9511
1969,462,27472,31838,4847
1970,462,11499,20631,13450
1971,464,28756,23375,5280
1972,464,30091,20123,8629
1973,464,27199,24981,2147
1974,464,24654,22137,3608
1975,465,23524,20764,19769
1976,465,20891,21959,1254
1977,466,26618,24493,2063
1978,466,26538,28110,2643
1979,467,18444,25522,5943
1980,467,27542,28467,1717
1981,468,22242,23043,2220
1982,468,24112,23508,3594
1983,468,29503,26511,2861
1984,469,32520,34420,7766
1985,470,20241,34052,13670
1986,471,29322,28801,552
1987,471,24105,25792,1717
1988,472,31139,31742,741
1989,472,26498,12791,16972
1990,473,11557,11632,1006
1991,473,15468,17625,6758
1992,474,26610,31230,11746
1993,474,34755,32946,3465
1994,474,26000,14104,20683
1995,475,31838,25670,4977
1996,475,27058,49427,1967
1997,475,21539,22440,5478
1998,476,25726,20406,7940
1999,477,31070,49424,6676
2000,477,48036,20553,4692
2001,477,24514,26612,6053
2002,478,34437,20626,16076
2003,478,22911,12243,17851
2004,479,20607,12791,12210
2005,480,25190,24954,796
2006,481,26760,22787,9818
2007,482,30028,33635,2830
2008,482,31958,25826,5254
2009,482,27189,25974,1450
2010,483,26808,18053,12064
2011,483,25668,12791,17294
2012,483,22826,23928,809
2013,484,25324,23311,8826
2014,485,24224,31742,6726
2015,485,16128,14168,2207
2016,485,23369,29784,6692
2017,486,26432,26431,42
2018,486,29714,28826,1393
2019,487,28562,27530,1455
2020,487,30385,29801,598
2021,488,22787,19417,4167
2022,488,27455,31844,5058
2023,489,24791,28252,6556
2024,489,21901,20123,5726
2025,490,39165,39408,2227
2026,490,25324,26882,4658
2027,490,30718,27643,4454
2028,490,25795,12243,18592
2029,490,27494,12791,22329
2030,491,22345,48583,2992
2031,492,25964,25601,4266
2032,492,25457,12791,16288
2033,492,26063,25826,3854
2034,493,27442,23851,4758
2035,493,25190,15628,7255
2036,494,23530,30564,5860
2037,494,26401,32946,7094
2038,495,31844,22081,10075
2039,495,32791,26942,6647
2040,496,26923,31467,4394
2041,498,24642,27542,6957
2042,499,31838,22193,9991
2043,500,31208,27729,3158
2044,501,27428,26307,2997
2045,501,48014,29652,9237
2046,502,27624,32184,3308
2047,503,24954,27105,3944
2048,504,38254,38562,620
2049,504,25453,21335,7860
2050,505,24166,25670,1250
2051,505,21122,22137,3596
2052,505,27329,32184,3989
2053,506,29014,26575,6825
2054,506,31193,33662,3935
2055,507,11546,31467,16090
2056,507,24156,12155,19801
2057,508,24990,24417,451
2058,509,10473,21436,9112
2059,509,20830,20123,4036
2060,509,26650,25384,1808
2061,509,17905,22905,5571
2062,510,24417,20764,18817
2063,511,23618,29984,6058
2064,512,21378,12791,11982
2065,512,31029,32732,1852
2066,512,27194,25984,5143
2067,513,36871,32946,9510
2068,514,28363,25826,3708
2069,516,27317,23221,4108
2070,516,22911,20507,6025
2071,517,26850,27120,271
2072,517,48557,22193,9074
2073,517,33209,29754,4672
2074,518,25116,22813,1519
2075,518,24215,20123,5760
2076,518,18802,25670,6619
2077,518,29269,25652,3108
2078,519,9186,10473,1297
2079,519,31838,12791,20678
2080,520,23524,19236,3533
2081,520,21173,12791,13781
2082,520,22911,23405,861
2083,521,24210,33662,8372
2084,521,24954,30678,5172
2085,522,21147,20764,4810
2086,523,24612,25572,1150
2087,524,22749,31095,6464
2088,524,20619,12243,18648
2089,526,25324,26882,4658
2090,526,31089,50192,2259
2091,527,23792,22749,1539
2092,528,17740,16956,2608
2093,528,24210,12791,14860
2094,528,32615,29306,3116
2095,528,48541,16843,3256
2096,529,28188,29306,838
2097,530,23792,22345,3418
2098,530,25604,20626,7271
2099,531,22255,25810,4790
2100,531,25519,29903,9725
2101,532,33806,12791,22754
2102,533,23498,22193,11532
2103,533,15522,15539,2234
2104,533,19587,28826,9767
2105,533,20835,22193,3646
2106,534,18069,16540,3799
2107,535,21402,20764,17304
2108,536,17848,15819,10693
2109,536,34518,20123,12262
2110,536,27537,22749,4410
2111,537,13535,20764,12989
2112,537,22137,42566,61573
2113,538,21370,50192,10099
2114,538,9995,16540,6285
2115,539,16824,15428,5897
2116,539,23163,33266,8609
2117,540,26623,25815,1433
2118,540,31222,27156,2968
2119,543,18899,13822,6589
2120,543,20353,29533,11953
2121,544,27729,22287,6106
2122,544,20818,22193,8002
2123,546,34547,34079,4815
2124,547,18444,18523,2940
2125,547,22188,12243,13809
2126,547,25294,12791,15915
2127,547,34428,19803,13098
2128,547,27716,26318,5082
2129,547,21848,23542,4130
2130,549,21959,20162,2617
2131,550,29341,31838,2743
2132,551,29104,12791,18121
2133,551,33348,31250,2165
2134,552,30171,27595,2387
2135,552,26814,24642,2751
2136,553,23930,29573,8666
2137,554,14036,12243,8706
2138,554,48036,25249,5237
2139,554,25974,24890,11106
2140,554,34370,31892,5476
2141,555,21927,19886,2389
2142,555,25601,31467,6511
2143,555,27993,23498,7705
2144,555,24642,31467,8125
2145,556,25942,20571,4428
2146,556,17103,20123,7908
2147,557,19313,12791,12082
2148,558,27417,28948,1582
2149,558,29095,27317,1800
2150,558,24049,23794,1157
2151,559,28610,31313,3400
2152,559,25562,24066,3342
2153,560,22374,21170,1551
2154,560,26623,33662,9868
2155,561,23051,31641,14460
2156,561,27720,27711,960
2157,562,24210,12155,16062
2158,563,21991,31208,6982
2159,564,12588,12243,3642
2160,564,17740,23706,9921
2161,564,31139,28190,2706
2162,564,28139,26227,2373
2163,564,34117,25918,11015
2164,565,23788,21122,2200
2165,569,20709,15428,5532
2166,569,18073,29652,9901
2167,570,20158,48665,1537
2168,572,31570,27172,3668
2169,573,28373,21836,13251
2170,573,33662,31838,7391
2171,573,17010,22193,9171
2172,573,17801,19303,3214
2173,573,27218,20764,7680
2174,574,27725,27690,640
2175,574,29508,31200,1474
2176,574,21101,23851,4383
2177,576,19803,24642,4920
2178,576,23013,25548,2197
2179,577,26361,12791,19314
2180,579,29652,12791,19748
2181,580,17927,17780,763
2182,580,21122,12791,15023
2183,581,32217,33061,1196
2184,582,20457,21994,1869
2185,582,9958,17628,7083
2186,584,27542,12791,17764
2187,585,23524,26882,2400
2188,585,19871,32184,10020
2189,585,9910,23508,11451
2190,585,22440,23749,4615
2191,585,19586,20680,1193
2192,587,29486,35010,12071
2193,587,21908,24180,2636
2194,587,28826,19183,9020
2195,588,17740,20764,18094
2196,588,26277,18699,8749
2197,589,23530,25200,4462
2198,589,24394,12155,20027
2199,590,29754,29652,4159
2200,591,29128,26680,2032
2201,591,20162,32947,10539
2202,592,13666,23524,10475
2203,592,27729,24816,2946
2204,592,24642,24588,3439
2205,593,20050,21309,1355
2206,593,20158,32946,13500
2207,593,48677,17457,6403
2208,594,21124,23582,3331
2209,595,25225,23508,1342
2210,595,22289,23508,1158
2211,595,25557,12243,16754
2212,596,12791,12155,2641
2213,597,25995,30419,3577
2214,598,21969,23573,4267
2215,598,24971,24066,967
2216,598,24954,18271,5620
2217,599,31381,26912,4703
2218,600,29714,26882,9462
2219,601,27568,27275,485
2220,601,26118,22749,3028
2221,601,7608,7802,465
2222,602,22694,31838,7639
2223,602,27355,31838,4666
2224,603,20818,29652,7176
2225,603,20032,17104,5056
2226,604,27542,27251,4343
2227,604,32184,22406,8750
2228,605,26764,12243,16271
2229,605,32946,33932,1666
2230,605,31636,31958,1462
2231,606,34518,29652,6542
2232,608,29269,27765,1199
2233,609,32118,12791,20558
2234,609,32118,33692,8699
2235,609,23604,24642,3889
2236,610,29508,31838,5060
2237,610,27993,29652,1226
2238,611,49333,20305,6894
2239,611,19509,16871,3718
2240,611,21869,31817,8433
2241,611,20050,19535,670
2242,613,31250,32184,1352
2243,613,34216,31838,2758
2244,613,26623,26787,2764
2245,613,34369,31838,5321
2246,614,34518,23788,9609
2247,614,29095,29714,593
2248,614,23995,31721,9518
2249,615,27115,12243,21431
2250,616,28963,30718,2470
2251,616,24191,25094,1612
2252,617,29014,29652,7330
2253,617,32118,32185,1897
2254,617,31467,31742,1408
2255,617,31051,27365,2748
2256,617,21299,12243,22494
2257,618,28724,23706,4131
2258,619,25406,25443,480
2259,619,19803,33856,11285
2260,620,27692,19544,12000
2261,620,27474,31844,5811
2262,620,28809,14138,11984
2263,620,28724,24981,3147
2264,620,25875,27348,5968
2265,621,26882,23663,2586
2266,621,28012,23264,4887
2267,621,22345,22141,1058
2268,622,31742,32184,2900
2269,622,17548,20764,9097
2270,622,31644,27998,5774
2271,623,29306,38437,16718
2272,626,25116,28252,3444
2273,626,20859,12791,11938
2274,626,31570,27905,4007
2275,627,25164,50192,6780
2276,628,25225,19963,4390
2277,629,24493,25670,1345
2278,629,24191,25670,1669
2279,631,26197,27120,2415
2280,631,17901,32184,11372
2281,632,25104,18444,7218
2282,632,31958,26370,4821
2283,633,31844,32343,5573
2284,633,17932,20626,5496
2285,635,24166,31838,6226
2286,637,31381,36662,8954
2287,637,23311,32947,8576
2288,637,27011,15428,12187
2289,637,25120,26068,2602
2290,638,19313,24642,7479
2291,638,31844,25525,4967
2292,639,31208,30284,2946
2293,639,23588,24500,1750
2294,640,29415,13784,17459
2295,640,17807,29652,10430
2296,641,25714,20764,11382
2297,641,15597,26338,9910
2298,641,20446,24642,5665
2299,641,48261,24954,5111
2300,642,29269,31051,2325
2301,644,21424,21869,1727
2302,644,24308,12791,17802
2303,645,13190,22483,11612
2304,647,28523,28801,132
2305,648,31271,28618,3302
2306,648,25452,32184,5979
2307,649,32732,34916,5619
2308,649,28809,24112,5369
2309,649,31838,24191,6091
2310,649,16540,17995,8206
2311,651,22259,21945,1616
2312,652,33998,18494,18052
2313,652,20468,22141,2866
2314,652,19587,25918,6893
2315,653,27245,31680,6240
2316,654,26804,24044,9846
2317,654,23338,24417,5320
2318,654,26252,33662,7640
2319,654,23832,25178,3325
2320,655,21959,25249,5206
2321,655,27218,12155,23869
2322,656,22422,23788,3044
2323,658,19480,17226,8770
2324,658,30363,34736,7533
2325,659,18164,19252,1923
2326,659,23792,22600,2049
2327,659,22141,24981,3003
2328,659,22343,18917,3245
2329,660,20521,19332,1870
2330,660,31844,30401,4622
2331,660,25845,25792,68
2332,661,24788,23498,1095
2333,661,30243,29942,373
2334,661,34369,40269,20629
2335,662,30825,33085,2872
2336,663,15780,23508,7312
2337,663,26912,20680,9398
2338,664,12798,12791,4779
2339,664,22623,23446,1231
2340,665,25279,25170,930
2341,665,31838,48036,9858
2342,665,19753,19201,4376
2343,666,26615,14104,18246
2344,666,20091,19695,1237
2345,666,25212,25178,2598
2346,667,26769,29714,2534
2347,667,24954,48583,3687
2348,667,26650,25745,1477
2349,667,16668,25274,9135
2350,668,24218,18802,5818
2351,669,27348,31838,3397
2352,670,27281,25447,4224
2353,671,30311,29128,1680
2354,671,29793,19312,11911
2355,671,23604,30620,9618
2356,672,27024,21038,7840
2357,674,21693,28558,10810
2358,674,16380,18917,2491
2359,674,31089,23046,7286
2360,675,26705,25256,1815
2361,675,29313,23788,4703
2362,675,17111,26596,11312
2363,676,32520,33998,3478
2364,676,31264,31838,7269
2365,676,23582,29652,5115
2366,677,18398,18267,5953
2367,677,27214,22193,11289
2368,677,26504,28195,1846
2369,678,25978,31187,6406
2370,678,19344,25302,5698
2371,678,25548,31313,5964
2372,679,22992,21865,2561
2373,679,28110,21677,7476
2374,679,25668,25215,1418
2375,680,29095,31838,3624
2376,681,38026,36352,3596
2377,681,31805,33466,10245
2378,681,30098,18265,10645
2379,681,22563,24999,1726
2380,681,25129,25178,605
2381,681,16930,18048,1444
2382,682,22297,20457,3330
2383,682,19020,22749,4098
2384,682,18927,19465,616
2385,682,23604,25810,6573
2386,684,50553,31870,4299
2387,684,27090,20631,9730
2388,684,23995,12243,18144
2389,684,16411,16477,7331
2390,685,49330,25792,7732
2391,685,28633,31497,7671
2392,687,27647,12791,18089
2393,688,32732,33662,1991
2394,688,29860,32946,3857
2395,689,22454,28207,8074
2396,689,22628,24862,1643
2397,689,26321,12243,18468
2398,689,15701,19845,10784
2399,689,20154,20120,1157
2400,690,21378,20764,17030
2401,692,23013,31200,8669
2402,693,22287,25918,2865
2403,693,26449,12243,17499
2404,693,29767,30028,3607
2405,693,30689,24500,4977
2406,696,29860,22001,6141
2407,696,28012,13584,11091
2408,696,31838,29871,1914
2409,696,27281,30923,3103
2410,697,22931,27622,10937
2411,698,34419,28110,11141
2412,698,21170,21402,3739
2413,698,23792,20123,4034
2414,699,21173,21168,145
2415,699,20463,26564,6517
2416,699,24927,25826,3971
2417,699,25604,23915,5294
2418,700,19963,20137,426
2419,700,10341,10473,1461
2420,700,19869,22193,6232
2421,700,34369,34602,1845
2422,701,34369,30419,4936
2423,702,23962,23077,1764
2424,703,31570,25302,5731
2425,703,28943,50192,3800
2426,704,31313,27365,3964
2427,704,24156,30878,8438
2428,706,29913,33099,5736
2429,706,22345,48324,2897
2430,707,25726,24588,2522
2431,707,27328,26158,2504
2432,708,22579,12243,14126
2433,708,27208,24112,3754
2434,708,31450,16954,20200
2435,709,14015,13839,325
2436,709,23663,31838,12857
2437,709,48546,32946,11547
2438,709,19803,19303,5372
2439,709,22905,12791,21945
2440,710,31381,32040,3397
2441,711,21394,18919,3530
2442,711,26511,31844,6183
2443,713,27613,25274,5056
2444,713,48337,18016,4429
2445,714,26596,24166,2759
2446,714,25452,27011,1711
2447,714,30867,32184,2056
2448,714,19535,19421,636
2449,714,25573,27047,1659
2450,715,48337,19690,1954
2451,715,27914,13949,17722
2452,718,23325,23508,11109
2453,718,31104,12791,19941
2454,718,16646,22834,9365
2455,718,48327,19537,2248
2456,719,27222,24642,3683
2457,721,26082,31838,5412
2458,722,35513,50192,7450
2459,722,8424,10473,2357
2460,722,25190,25974,793
2461,722,27002,33707,6842
2462,722,17315,30028,12629
2463,724,31761,12243,20481
2464,724,19498,12243,12544
2465,724,23766,31844,8280
2466,724,17635,33662,17502
2467,725,30923,28774,1649
2468,725,20485,22193,4818
2469,727,31838,31644,1758
2470,727,25726,31838,5739
2471,730,19884,31305,9439
2472,731,35280,36910,12060
2473,731,22146,12155,15531
2474,731,20393,12791,14124
2475,731,31838,33707,4079
2476,732,27159,21908,10705
2477,733,30462,39531,21594
2478,733,26596,34369,11244
2479,734,19239,18164,1959
2480,734,20233,20883,2055
2481,735,29784,23956,6293
2482,735,31032,32946,3485
2483,735,19480,18451,2574
2484,735,25443,27515,2053
2485,736,18020,32946,13756
2486,736,32972,31817,2790
2487,736,25302,25548,1245
2488,737,22013,29216,5895
2489,737,48036,12155,14306
2490,738,30799,32184,14307
2491,738,23375,22379,6036
2492,738,26694,26208,1835
2493,738,26152,27802,1895
2494,739,29398,21337,10073
2495,743,25974,29652,3102
2496,744,32118,33662,2730
2497,744,28012,31838,2836
2498,744,15701,27692,18266
2499,744,20428,30352,9168
2500,744,22972,22193,2010
2501,745,24446,21436,4094
2502,746,28434,26764,4065
2503,746,27315,31838,3962
2504,747,22787,18699,11359
2505,747,22242,31855,9458
2506,748,48677,22366,2515
2507,748,23794,24654,1368
2508,750,32506,29216,3690
2509,750,23318,31838,6685
2510,751,24210,31838,11517
2511,751,33864,32946,10055
2512,752,21282,23628,2042
2513,752,24215,22783,1237
2514,753,31187,26776,4805
2515,755,24791,25452,4281
2516,756,29128,33662,4387
2517,756,25795,23792,3794
2518,757,25290,23851,10471
2519,757,28520,19582,9178
2520,757,31844,24220,6167
2521,758,23318,23788,335
2522,758,17315,17177,747
2523,759,23644,31636,7175
2524,759,22507,26197,4614
2525,759,27129,27704,5125
2526,759,20571,33662,12486
2527,760,26705,24500,3718
2528,760,33182,12243,23507
2529,761,31595,31765,14906
2530,762,30098,31220,2073
2531,763,31838,32946,7078
2532,765,25116,23738,1230
2533,765,25225,12791,15239
2534,765,29285,12791,21974
2535,766,25580,29473,3396
2536,766,26318,25826,2399
2537,768,26208,26610,8319
2538,768,19886,12791,11912
2539,768,23022,22602,1938
2540,768,48723,24612,4693
2541,769,25918,22813,5266
2542,770,25319,12243,15994
2543,770,32972,28367,3692
2544,770,27783,29871,3250
2545,771,22454,31497,11406
2546,772,24255,49484,10852
2547,772,25338,29652,3824
2548,772,27425,48083,8767
2549,773,25473,31838,5207
2550,773,31838,21341,8624
2551,774,22179,22193,17288
2552,774,12798,19338,9243
2553,774,28562,48458,9005
2554,774,26027,24215,1398
2555,775,26884,29652,7735
2556,775,26143,23915,2004
2557,775,20468,25525,3686
2558,776,18427,22193,9903
2559,776,31838,27914,3407
2560,776,23635,22193,6456
2561,777,38713,40324,4577
2562,777,28826,33662,4977
2563,777,26252,26538,2670
2564,777,30259,29714,3818
2565,779,12072,16668,11830
2566,779,20764,17068,7268
2567,779,21147,22749,10348
2568,780,23628,24600,883
2569,780,29714,33662,4729
2570,780,22579,22749,1792
2571,780,26923,20123,6379
2572,781,31958,29652,3840
2573,781,28012,31838,2836
2574,781,19869,15603,4299
2575,782,25604,27328,2011
2576,783,25324,26143,6333
2577,783,30412,27105,3953
2578,784,26871,33747,5720
2579,785,17100,19586,2968
2580,786,29801,31865,1896
2581,786,31844,31568,246
2582,786,15985,17811,2903
2583,786,31089,31838,3897
2584,787,22406,14036,11880
2585,788,25940,25572,945
2586,788,25447,26852,27850
2587,789,22188,27428,4385
2588,789,24971,21881,10362
2589,789,26318,25200,1860
2590,789,24927,28809,6196
2591,790,22513,23663,6362
2592,790,25319,23788,2871
2593,790,26769,19546,6458
2594,790,10064,10198,2123
2595,790,31838,25462,9579
2596,791,30923,29760,10585
2597,792,26615,25075,5961
2598,792,23473,22366,4292
2599,792,18774,18298,463
2600,795,30098,26691,4181
2601,795,27720,12791,20387
2602,795,26387,29377,2408
2603,796,12243,12155,2283
2604,796,28062,12946,17160
2605,796,20521,12243,13457
2606,796,19147,32184,10556
2607,796,26636,19582,18874
2608,797,21458,18042,10338
2609,797,28188,25612,3117
2610,797,31838,27704,5040
2611,798,21898,23835,7999
2612,801,27682,28523,6893
2613,802,27441,31838,5186
2614,802,27564,32184,4127
2615,802,24166,32949,7502
2616,803,23769,24500,2634
2617,804,31243,48464,11262
2618,804,30742,25259,5256
2619,804,11137,11546,1334
2620,804,22345,28883,11492
2621,805,17740,17738,18
2622,805,21572,50205,10118
2623,805,24642,25601,2051
2624,806,25190,12791,16769
2625,807,25094,30678,4970
2626,807,23209,31838,7091
2627,809,28337,12155,18535
2628,809,24642,22345,2566
2629,810,31838,29652,2224
2630,810,48723,19661,5217
2631,810,25254,22440,2229
2632,810,31721,27281,7536
2633,812,30028,30311,1132
2634,813,23706,22193,6973
2635,813,26277,12791,17039
2636,813,23446,26485,3815
2637,814,13189,12405,978
2638,814,20818,31838,8308
2639,815,24020,28633,5782
2640,815,23792,22600,2049
2641,815,18959,19312,1432
2642,816,34394,35488,2978
2643,816,31838,26307,8255
2644,816,24638,18699,6759
2645,817,29117,12791,17066
2646,817,22454,32184,11060
2647,817,30401,32946,2424
2648,817,48299,31467,9226
2649,818,29942,29389,1439
2650,818,27256,27317,1730
2651,818,23749,26381,2455
2652,819,35367,49848,5098
2653,819,19661,25612,8508
2654,820,21729,12791,11913
2655,820,25123,24638,411
2656,820,50037,27595,10701
2657,821,12243,12155,2283
2658,821,30513,31838,9068
2659,821,27572,24500,2902
2660,822,32946,23915,8835
2661,822,22137,20278,2431
2662,822,19708,24394,4182
2663,822,29934,29282,3042
2664,823,19681,26596,9721
2665,823,28801,24642,8347
2666,823,23446,24999,1261
2667,826,34419,30120,11100
2668,827,23498,35104,11832
2669,827,17345,22749,7423
2670,828,32345,12243,21187
2671,828,29871,50192,4560
2672,828,19587,23706,5410
2673,829,12243,13019,941
2674,829,31716,23548,8708
2675,829,21416,29871,10051
2676,829,26487,31001,3733
2677,830,32770,33081,2976
2678,830,20422,19597,2346
2679,831,28195,25473,3842
2680,832,29508,30311,690
2681,832,25453,25826,1743
2682,833,20695,30091,7671
2683,833,33709,12791,21933
2684,833,10317,21436,9068
2685,833,33827,36561,7362
2686,834,31844,27542,6131
2687,835,31838,32947,1751
2688,836,22297,20088,4828
2689,836,22466,22141,1537
2690,838,27290,26899,2930
2691,838,31838,30506,5524
2692,839,27542,27317,3950
2693,839,22724,23221,1802
2694,839,18804,20333,6690
2695,840,32946,34667,11649
2696,840,28523,32946,4050
2697,840,18389,33662,14040
2698,840,22694,32184,7899
2699,840,31838,32732,5416
2700,840,17646,25321,14817
2701,841,26866,24642,7211
2702,841,34759,36754,11938
2703,841,31838,14190,14330
2704,841,19274,16914,6427
2705,842,26882,22728,16279
2706,842,20305,22749,6660
2707,844,28783,32321,3753
2708,845,19334,12243,12665
2709,845,28900,33061,3582
2710,845,31838,20764,13111
2711,845,31838,22193,9991
2712,846,27839,32946,4862
2713,846,22353,27294,20882
2714,847,28680,12791,17523
2715,847,35534,34307,13320
2716,847,15428,13265,2042
2717,847,27412,12791,21220
2718,848,27078,25823,1745
2719,848,23835,23788,1560
2720,849,23245,25668,3701
2721,849,31844,31313,1861
2722,849,24927,27716,4643
2723,850,33247,27622,4105
2724,850,31568,33707,3996
2725,850,19661,25190,7945
2726,851,29389,12791,18878
2727,851,22749,26596,4413
2728,851,34667,38718,8778
2729,852,12405,12588,546
2730,852,25324,31838,10806
2731,852,27674,29652,9356
2732,852,34543,31838,7433
2733,853,16369,22749,13448
2734,853,26596,24338,2858
2735,853,24315,15428,8140
2736,853,25668,12791,17294
2737,853,29890,24642,5092
2738,855,27245,33662,5668
2739,855,17459,22717,6336
2740,856,48641,22911,2098
2741,857,28144,24500,4205
2742,857,22956,23198,175
2743,857,33846,16476,14879
2744,857,23142,12243,17075
2745,857,30419,31838,4328
2746,858,25524,26943,4433
2747,858,34369,20764,15022
2748,859,23302,31838,11752
2749,859,27468,12243,17613
2750,859,31838,23604,10457
2751,860,27174,12791,16728
2752,860,29430,12243,23138
2753,861,12590,47968,9759
2754,861,20516,24493,3612
2755,861,25820,31838,4572
2756,862,19318,23508,3794
2757,862,31838,29735,3604
2758,863,33998,28618,9640
2759,863,15493,17248,1538
2760,863,26596,30800,9664
2761,863,26355,20459,5493
2762,863,34369,31001,4926
2763,864,18211,23788,4584
2764,866,33998,35725,4676
2765,866,21762,26596,5990
2766,866,25276,26650,1611
2767,868,20468,21122,1572
2768,868,24112,12243,17998
2769,869,29871,23508,5943
2770,870,31958,12243,20683
2771,870,31838,28434,6523
2772,870,24642,20626,6682
2773,870,21983,22279,4719
2774,871,31622,29984,1412
2775,871,10687,10473,3223
2776,871,22602,21166,1535
2777,872,31271,15428,13063
2778,872,25823,22567,5232
2779,872,24654,21878,4886
2780,873,16783,22749,9726
2781,873,27716,24642,5494
2782,874,28062,10352,14894
2783,874,28467,31865,6130
2784,874,18013,25699,8171
2785,874,19303,15634,4350
2786,875,23937,29954,5463
2787,875,17794,22749,8521
2788,876,25116,24746,1564
2789,876,25815,22749,2897
2790,878,30564,30392,1274
2791,879,22179,21709,788
2792,879,18089,17646,733
2793,881,26966,32185,5645
2794,881,19774,18975,5246
2795,881,24487,22583,3438
2796,882,31104,26424,6557
2797,882,33247,30028,2553
2798,882,27515,31838,3717
2799,884,27355,22193,9007
2800,884,27849,25340,4163
2801,884,31838,26923,3798
2802,884,19129,10055,8224
2803,885,26779,29871,3165
2804,885,24487,20123,9258
2805,886,27120,29533,2641
2806,887,29714,31838,4047
2807,887,31838,33966,4528
2808,887,27761,17345,10307
2809,887,33099,25670,5847
2810,888,29117,31844,9702
2811,888,33266,30028,2975
2812,888,20818,22749,1928
2813,888,31838,22252,8074
2814,888,31838,23508,6770
2815,888,20575,17546,3282
2816,888,24631,24642,2268
2817,888,49728,35013,3817
2818,889,34014,20764,16345
2819,889,30120,48873,7532
2820,889,31168,31817,2100
2821,890,23051,29871,13270
2822,890,26538,25670,2334
2823,891,20235,12791,14661
2824,892,30463,23573,12958
2825,892,21036,18810,3186
2826,892,21822,29784,6495
2827,892,27905,29704,3018
2828,892,9910,19338,8600
2829,894,24197,26882,1908
2830,894,25326,20406,3944
2831,894,22751,29871,5894
2832,894,31168,30742,6243
2833,897,24119,23273,748
2834,897,26429,25670,2236
2835,898,23628,24224,685
2836,898,23318,25473,2211
2837,899,30881,22440,8270
2838,899,17240,24397,7704
2839,900,34980,35275,1066
2840,901,36662,50649,6201
2841,901,34216,21822,11023
2842,902,25815,24191,2073
2843,903,33085,26370,7130
2844,904,33266,35206,2831
2845,904,26589,18444,14680
2846,905,19740,20233,2331
2847,905,32184,12243,21296
2848,906,25225,12243,15597
2849,906,31220,24981,4940
2850,906,24631,19537,4356
2851,906,25123,20482,3476
2852,907,25104,12243,15257
2853,907,31838,29296,3731
2854,907,30098,31001,902
2855,907,24654,18699,6038
2856,908,21197,19597,2089
2857,910,31838,28012,2836
2858,911,12798,14516,3325
2859,912,24040,22454,3445
2860,912,21474,24642,5254
2861,914,29784,31331,2348
2862,914,25108,25123,2124
2863,915,21720,19582,3739
2864,915,26866,26596,908
2865,916,31838,27047,5812
2866,916,24642,27202,2880
2867,917,32256,31313,6408
2868,917,28943,29652,859
2869,918,32185,33662,1424
2870,919,27696,19293,9930
2871,919,28110,26792,1507
2872,919,22116,28809,6012
2873,920,18899,19823,2299
2874,920,27993,25826,2363
2875,921,28692,36600,12524
2876,921,22707,32184,9955
2877,921,33266,24621,12772
2878,921,29282,27572,1689
2879,923,15425,22749,6718
2880,924,27692,20680,20339
2881,924,28948,29336,3174
2882,924,24460,26432,4654
2883,925,29240,28955,869
2884,925,22554,19582,7105
2885,925,27348,31838,3397
2886,926,12155,12642,2902
2887,926,18020,25699,11033
2888,926,26370,24493,3096
2889,926,24946,23706,2220
2890,926,27328,22193,5229
2891,927,26682,33662,6511
2892,927,17807,20434,3107
2893,928,25447,31637,5973
2894,928,25604,38665,14674
2895,929,27564,23788,4130
2896,930,17459,29871,12009
2897,930,21572,23788,5002
2898,930,49427,31605,4525
2899,931,29482,27692,8123
2900,931,26021,19365,5718
2901,932,25538,32946,6431
2902,933,26138,29290,4553
2903,933,19111,26000,6290
2904,934,30506,26628,6628
2905,934,20820,12791,12185
2906,934,26439,32040,7552
2907,934,26180,31467,6289
2908,934,34667,31179,4286
2909,936,27251,31467,5906
2910,936,26304,29028,2545
2911,936,28174,48944,4243
2912,937,29652,31838,2224
2913,937,11424,24642,10803
2914,938,33666,28963,9191
2915,939,26456,17292,10456
2916,941,25823,24981,2313
2917,943,26308,36929,16688
2918,943,21076,21078,280
2919,943,39857,39706,1992
2920,944,24002,26615,5264
2921,944,25452,25823,386
2922,944,29028,23706,4787
2923,945,28680,26680,3376
2924,945,20459,24642,5248
2925,945,31838,32947,1751
2926,946,20946,22247,1296
2927,946,23508,21860,2170
2928,946,29503,25329,3649
2929,947,31838,23911,6021
2930,947,22345,30478,6869
2931,947,32321,31001,2258
2932,948,23937,21830,2272
2933,948,23338,20770,4100
2934,949,24210,14660,9559
2935,949,19239,12791,11011
2936,949,33825,27195,5233
2937,949,19740,23706,3887
2938,949,31838,36662,8862
2939,950,12405,14104,3812
2940,950,22466,22749,2983
2941,950,19939,20123,8506
2942,952,32512,35513,7154
2943,952,27624,22682,6004
2944,953,29181,20349,6850
2945,953,19015,23508,4759
2946,953,34654,35536,7137
2947,953,18987,16475,3385
2948,953,28012,28114,6556
2949,953,31838,34543,7433
2950,953,29890,31745,1760
2951,954,35028,30894,5474
2952,954,24066,12243,15361
2953,955,24055,20123,5532
2954,957,18444,29652,15133
2955,958,31716,19201,17014
2956,958,32095,26596,3924
2957,958,24049,22193,2809
2958,959,15780,14660,632
2959,959,25307,22879,4735
2960,960,28826,31838,4540
2961,960,24468,31222,5118
2962,961,26906,30935,3461
2963,961,22749,14138,7945
2964,961,24588,32184,8280
2965,963,28684,29410,9336
2966,963,23915,29902,5212
2967,963,29652,31838,2224
2968,963,23930,48327,4843
2969,963,17141,20764,6899
2970,964,28610,32184,5095
2971,964,27124,23769,3623
2972,964,25215,25123,2341
2973,966,20525,24493,4401
2974,968,30479,31691,2283
2975,969,28188,26699,1873
2976,969,525,10473,31472
2977,970,24262,25525,2964
2978,971,26063,23930,2367
2979,971,20375,17915,2916
2980,972,24816,25160,1237
2981,972,31838,24757,5823
2982,974,10390,12788,10375
2983,974,17769,17162,2059
2984,975,24965,26691,1872
2985,975,30678,15042,12292
2986,976,23699,20123,3977
2987,976,31838,23548,6552
2988,977,28434,33662,4756
2989,977,31838,19746,9452
2990,977,17870,24948,7147
2991,978,25942,31220,3985
2992,978,27391,24642,2969
2993,979,23305,25005,1343
2994,980,29389,27948,1481
2995,981,12642,24446,14756
2996,981,21171,20676,538
2997,981,21490,25153,7866
2998,981,25893,12791,19250
2999,982,13666,21436,14956
3000,982,24210,22121,2291
3001,983,25324,25522,3467
3002,983,21189,12791,12269
3003,983,23473,22544,2544
3004,985,27306,25340,3255
3005,985,27605,26257,1363
3006,985,31838,28439,3103
3007,986,26311,12069,15281
3008,986,26683,25726,1160
3009,986,19881,22193,5181
3010,986,20680,31838,13034
3011,987,12791,47594,2209
3012,987,22977,14104,13987
3013,987,24954,19109,6819
3014,988,26615,26307,7956
3015,990,10684,23706,10836
3016,991,33266,32767,16464
3017,993,28523,20447,7430
3018,993,27338,32946,6729
3019,993,24642,22193,3423
3020,993,34369,23788,10294
3021,994,24134,23573,6429
3022,994,20607,21245,2266
3023,994,32323,29934,5863
3024,994,27222,25885,1447
3025,994,25795,24105,1388
3026,995,26767,23915,2574
3027,995,23588,16522,6260
3028,995,48723,26265,4893
3029,996,29498,32184,18980
3030,996,32343,31220,6294
3031,997,48237,20764,6086
3032,998,48499,22749,2395
3033,998,28012,25918,2470
3034,999,25075,12155,16867
3035,999,27105,25670,1649
3036,1000,22255,33662,9568
3037,1000,19020,20607,2330
3038,1002,29521,31838,10340
3039,1002,26705,12791,16818
3040,1002,18067,25447,6585
3041,1003,31838,26511,5922
3042,1003,19661,17896,5661
3043,1004,24049,25826,3522
3044,1004,22193,20536,6099
3045,1005,12777,15499,7041
3046,1005,21994,49021,3684
3047,1006,20654,12791,10375
3048,1006,30718,29984,2323
3049,1006,29518,19784,9683
3050,1007,25324,30166,8387
3051,1007,21168,19486,1881
3052,1007,22666,23209,1501
3053,1007,25372,25911,11918
3054,1007,21166,25612,5053
3055,1008,35536,35445,7527
3056,1008,20393,22749,2149
3057,1008,16930,17844,1719
3058,1010,24255,26551,3873
3059,1010,30866,32946,6504
3060,1011,23734,12243,14380
3061,1011,23209,27329,3968
3062,1012,22579,31844,7128
3063,1012,26435,25225,2777
3064,1014,35012,23508,9915
3065,1015,27222,22749,3752
3066,1015,29398,29714,5017
3067,1016,29861,12791,18722
3068,1016,24315,12791,14959
3069,1016,29434,29291,833
3070,1016,25372,31089,5403
3071,1017,28523,21994,6065
3072,1017,28963,12243,19034
3073,1017,27244,15428,12776
3074,1017,21539,21147,1681
3075,1018,28562,12791,17950
3076,1018,24191,22343,2265
3077,1018,24588,24044,2653
3078,1020,22724,22707,1703
3079,1020,27704,31641,3279
3080,1022,49121,29652,3332
3081,1023,21478,26615,8098
3082,1025,25116,22101,3849
3083,1025,31328,24862,5917
3084,1025,16969,22193,8682
3085,1026,34427,20764,14564
3086,1027,12155,48209,21645
3087,1027,11162,17781,5836
3088,1027,21797,22137,298
3089,1028,27530,23851,8233
3090,1029,22141,22483,2599
3091,1029,33960,35092,4183
3092,1029,19465,48583,1158
3093,1029,21166,34979,13222
3094,1030,20437,25918,5313
3095,1031,23769,21901,5277
3096,1032,33063,33662,7173
3097,1032,25570,33057,7316
3098,1033,22259,21822,726
3099,1033,25282,25166,2418
3100,1034,30506,12243,19659
3101,1035,22454,22751,6686
3102,1035,24168,32184,9084
3103,1035,23653,29784,5091
3104,1035,26594,15008,10827
3105,1036,24218,23706,946
3106,1037,30977,32184,5605
3107,1037,27120,29104,2891
3108,1037,17875,19557,2913
3109,1037,22728,22972,943
3110,1037,22905,18073,7090
3111,1038,16652,18230,3264
3112,1039,28826,22287,5604
3113,1039,31838,32947,1751
3114,1040,26307,28963,4059
3115,1040,24514,26612,6053
3116,1041,23318,49173,3847
3117,1041,48598,22272,1832
3118,1042,18444,23051,4150
3119,1042,20818,23508,2496
3120,1043,22700,19768,8871
3121,1044,23644,23585,6415
3122,1044,18943,24514,5349
3123,1046,26143,31810,5426
3124,1046,30385,31577,1062
3125,1049,34419,27306,11673
3126,1049,19871,32184,10020
3127,1049,20160,22252,3103
3128,1049,20575,48646,1207
3129,1050,12243,12155,2283
3130,1051,22101,30685,8408
3131,1051,28692,33050,3662
3132,1052,31187,22122,6827
3133,1052,30401,33662,3182
3134,1052,24588,21331,3141
3135,1053,25826,12791,16868
3136,1054,12243,13416,6452
3137,1054,21107,23628,2960
3138,1054,28188,49728,4101
3139,1054,30578,31577,1200
3140,1054,26355,31838,4941
3141,1054,18069,19338,3218
3142,1055,31838,31771,1492
3143,1055,28783,27344,2556
3144,1055,18839,20406,6527
3145,1056,25104,26850,1776
3146,1056,18172,15701,3322
3147,1056,26594,27564,3697
3148,1057,21963,29652,9594
3149,1058,19582,32184,15426
3150,1058,29779,29714,2489
3151,1058,31844,30620,1003
3152,1058,22873,20619,2521
3153,1060,20607,31838,8967
3154,1061,29336,33266,3604
3155,1061,28826,26596,1683
3156,1061,24166,25918,1443
3157,1061,34713,31838,4852
3158,1062,33864,15701,14963
3159,1063,15195,15427,1023
3160,1063,28809,26020,3031
3161,1063,18211,47968,1293
3162,1063,21925,21094,1395
3163,1064,12072,16981,6231
3164,1064,34074,33840,4534
3165,1064,30243,31250,1193
3166,1064,28012,12791,18058
3167,1064,33081,35538,3225
3168,1064,16380,26717,9014
3169,1065,48433,25048,9436
3170,1065,27425,22193,5912
3171,1067,28783,24642,4154
3172,1069,33691,22749,13701
3173,1069,27244,28195,1001
3174,1069,20428,25200,4377
3175,1069,25652,29903,10064
3176,1070,26884,26596,1450
3177,1072,32321,20764,12342
3178,1073,22255,31865,7677
3179,1074,25538,25668,4475
3180,1074,26118,28633,4193
3181,1074,30243,31250,1193
3182,1074,27494,12243,22686
3183,1075,27696,16369,12139
3184,1075,24914,26086,1520
3185,1075,27011,31865,4644
3186,1076,25668,19622,6346
3187,1076,38665,34609,8129
3188,1077,22255,49331,5819
3189,1077,26086,25918,2044
3190,1077,26623,49427,2120
3191,1078,26764,30028,6370
3192,1078,31424,31838,6358
3193,1078,32732,27729,4458
3194,1078,24208,21496,4392
3195,1079,31688,31622,864
3196,1079,16563,18016,3982
3197,1079,24642,24464,1529
3198,1079,27410,25153,14096
3199,1080,10235,18523,13677
3200,1080,32969,34483,1989
